label,filename,exclude
tomato_early,75128610-8633-4000-8f74-17b6cff222d7___RS_Erly.B 6341.JPG,missing_or_ambiguous_leaf_group
tomato_healthy,000146ff-92a4-4db6-90ad-8fce2ae4fddd___GH_HL Leaf 259.1.JPG,missing_or_ambiguous_leaf_group
tomato_healthy,000bf685-b305-408b-91f4-37030f8e62db___GH_HL Leaf 308.1.JPG,missing_or_ambiguous_leaf_group
tomato_healthy,0184dc6b-bfc1-4515-ac59-bbadaf524e1a___GH_HL Leaf 422.1.JPG,missing_or_ambiguous_leaf_group
tomato_healthy,025bc454-a051-42d2-b547-316f8cc3dc55___GH_HL Leaf 297.JPG,missing_or_ambiguous_leaf_group
tomato_healthy,04483b12-5e9c-4e74-a5b6-e8c87f60b43f___GH_HL Leaf 439.JPG,missing_or_ambiguous_leaf_group
tomato_healthy,05598cc1-60b9-4436-a233-973c42eff2d6___GH_HL Leaf 503.1.JPG,missing_or_ambiguous_leaf_group
tomato_healthy,0576ef4b-c843-4dfb-b148-c917f7d605b7___GH_HL Leaf 299.JPG,missing_or_ambiguous_leaf_group
tomato_healthy,058ade43-2361-4039-bbe5-0ac661828c01___GH_HL Leaf 325.1.JPG,missing_or_ambiguous_leaf_group
tomato_healthy,063d05a7-1a53-4631-818d-44b34126974e___GH_HL Leaf 453.JPG,missing_or_ambiguous_leaf_group
tomato_healthy,06704d9f-3bbc-40cd-a5eb-258ed55e172b___GH_HL Leaf 491.1.JPG,missing_or_ambiguous_leaf_group
tomato_healthy,068e324c-faf6-40d6-8f83-578907f1cac5___GH_HL Leaf 466.1.JPG,missing_or_ambiguous_leaf_group
tomato_healthy,06ee1c8d-fbe4-48e9-a1b2-fed7ed5539f7___GH_HL Leaf 293.JPG,missing_or_ambiguous_leaf_group
tomato_healthy,0764ce38-ecb9-4046-88d9-c8f176c6ee8b___GH_HL Leaf 423.JPG,missing_or_ambiguous_leaf_group
tomato_healthy,085cbe78-1d5c-45eb-877f-f409526032d5___GH_HL Leaf 469.JPG,missing_or_ambiguous_leaf_group
tomato_healthy,0864ab65-d40d-4902-8213-09df86cf049e___GH_HL Leaf 400.JPG,missing_or_ambiguous_leaf_group
tomato_healthy,0894c925-d193-412f-961d-d188b57ee337___GH_HL Leaf 393.JPG,missing_or_ambiguous_leaf_group
tomato_healthy,0902aa8e-e4f7-4c29-b11a-b2b7f24fe61c___GH_HL Leaf 228.1.JPG,missing_or_ambiguous_leaf_group
tomato_healthy,0920bfd6-6c70-432b-be33-cccb6abb0f31___GH_HL Leaf 181.1.JPG,missing_or_ambiguous_leaf_group
tomato_healthy,0971aa89-8f72-4f66-b4ee-dceca73add54___GH_HL Leaf 318.JPG,missing_or_ambiguous_leaf_group
tomato_healthy,09c0d78a-c9ca-4dc4-aa10-e25530890b20___GH_HL Leaf 424.1.JPG,missing_or_ambiguous_leaf_group
tomato_healthy,0a334ae6-bea3-4453-b200-85e082794d56___GH_HL Leaf 310.1.JPG,missing_or_ambiguous_leaf_group
tomato_healthy,0b330273-890c-4995-af72-cba070fc0061___GH_HL Leaf 312.JPG,missing_or_ambiguous_leaf_group
tomato_healthy,0c4b06d5-4053-44fc-99b6-504934fdd3a9___GH_HL Leaf 199.1.JPG,missing_or_ambiguous_leaf_group
tomato_healthy,0c8c9c80-b7e0-47a7-81d3-b5a2174e545d___GH_HL Leaf 496.1.JPG,missing_or_ambiguous_leaf_group
tomato_healthy,0cb10f98-491d-4e1f-b8ea-4fb0f1b3675f___GH_HL Leaf 333.JPG,missing_or_ambiguous_leaf_group
tomato_healthy,0cfee8b1-5de4-4118-9e25-f9c37bb6f17e___GH_HL Leaf 252.JPG,missing_or_ambiguous_leaf_group
tomato_healthy,0d259481-e08d-459d-aa92-fe05e1524742___GH_HL Leaf 253.1.JPG,missing_or_ambiguous_leaf_group
tomato_healthy,0d70d565-520e-474c-85c1-ab478c9f1d4b___GH_HL Leaf 203.1.JPG,missing_or_ambiguous_leaf_group
tomato_healthy,0de16216-510d-48c1-9ef0-78ce39328ff2___GH_HL Leaf 240.JPG,missing_or_ambiguous_leaf_group
tomato_healthy,0f5a5880-c1f1-4356-8336-d65c69b54cc1___GH_HL Leaf 380.1JPG.JPG,missing_or_ambiguous_leaf_group
tomato_healthy,0f809e80-ee2b-4ad4-9a80-50d789298d48___GH_HL Leaf 192.JPG,missing_or_ambiguous_leaf_group
tomato_healthy,0fd3432a-e22a-4a71-9a63-1c56ee4ce067___GH_HL Leaf 463.1.JPG,missing_or_ambiguous_leaf_group
tomato_healthy,10126910-47a0-4b22-b3ee-ce9eb4d5d7b5___GH_HL Leaf 350.JPG,missing_or_ambiguous_leaf_group
tomato_healthy,10716d69-324b-4423-9e1e-b09559babb89___GH_HL Leaf 267.1.JPG,missing_or_ambiguous_leaf_group
tomato_healthy,10a4a3bd-e4c3-4e1c-94bd-cd0cd4e2705b___GH_HL Leaf 526.JPG,missing_or_ambiguous_leaf_group
tomato_healthy,115c8bc1-06b9-4679-9159-46e5640c39e7___GH_HL Leaf 206.2.JPG,missing_or_ambiguous_leaf_group
tomato_healthy,11fe6fbc-a1a9-4cc4-ba85-a6864a4e9bae___GH_HL Leaf 280.JPG,missing_or_ambiguous_leaf_group
tomato_healthy,13053341-b112-411c-bc76-8cadbcb4eded___GH_HL Leaf 223.JPG,missing_or_ambiguous_leaf_group
tomato_healthy,13a4fd9b-13eb-4fcd-af7d-b6c76fbbf456___GH_HL Leaf 272.JPG,missing_or_ambiguous_leaf_group
tomato_healthy,1421f343-ba3a-424c-ac71-b5eb9ac26c10___GH_HL Leaf 201.JPG,missing_or_ambiguous_leaf_group
tomato_healthy,14385f16-4e7f-401f-889a-8c1535ed85ba___GH_HL Leaf 503.5.JPG,missing_or_ambiguous_leaf_group
tomato_healthy,1479f22a-c0d6-4dac-a752-578f575f276d___GH_HL Leaf 173.5.JPG,missing_or_ambiguous_leaf_group
tomato_healthy,1480b935-0081-4052-a7e8-09ef0040d9b5___GH_HL Leaf 338.JPG,missing_or_ambiguous_leaf_group
tomato_healthy,14d46dfe-5348-428c-af6b-82b6625ce6c3___GH_HL Leaf 483.1.JPG,missing_or_ambiguous_leaf_group
tomato_healthy,15cae3c8-6843-49d1-8da6-33bd014f05ce___GH_HL Leaf 169.JPG,missing_or_ambiguous_leaf_group
tomato_healthy,15daad17-78e9-45d2-9054-5a76221f6c1e___GH_HL Leaf 246.JPG,missing_or_ambiguous_leaf_group
tomato_healthy,167247af-fd67-4b70-a72e-052dc5ea863b___GH_HL Leaf 388.1.JPG,missing_or_ambiguous_leaf_group
tomato_healthy,16c1b712-2c55-4a8d-899f-cc0e725d4835___GH_HL Leaf 314.JPG,missing_or_ambiguous_leaf_group
tomato_healthy,16ed4e23-5218-4e8b-85df-86a7069a675d___GH_HL Leaf 519.1.JPG,missing_or_ambiguous_leaf_group
tomato_healthy,170e86b9-f51d-49a6-a992-15e00c85ee5d___GH_HL Leaf 189.JPG,missing_or_ambiguous_leaf_group
tomato_healthy,18fa622c-8257-479a-9c81-7a6fe9a3a41b___GH_HL Leaf 428.JPG,missing_or_ambiguous_leaf_group
tomato_healthy,190a6af7-d7b1-4265-b05b-c126a7962c93___GH_HL Leaf 408.JPG,missing_or_ambiguous_leaf_group
tomato_healthy,196e5fd8-8b4e-4a45-9db7-ae59c877e9a7___GH_HL Leaf 284.JPG,missing_or_ambiguous_leaf_group
tomato_healthy,1971e05b-fc5e-40c1-a4ff-c6a4c746693f___GH_HL Leaf 237.JPG,missing_or_ambiguous_leaf_group
tomato_healthy,1a0a5292-5e63-4afa-8611-38eef316f1e9___GH_HL Leaf 477.JPG,missing_or_ambiguous_leaf_group
tomato_healthy,1a0b9a32-3993-44e4-879f-338cd6e45a09___GH_HL Leaf 178.JPG,missing_or_ambiguous_leaf_group
tomato_healthy,1a939012-5b9b-4dfa-aeda-ba97ec857903___GH_HL Leaf 278.JPG,missing_or_ambiguous_leaf_group
tomato_healthy,1a972145-610d-4efe-96e7-e0253c4ece4a___GH_HL Leaf 237.1.JPG,missing_or_ambiguous_leaf_group
tomato_healthy,1af0bfe1-4bcf-4b8b-be66-5d0953eb647e___GH_HL Leaf 482.2.JPG,missing_or_ambiguous_leaf_group
tomato_healthy,1b150c8d-ab5d-43b5-a61d-c3fb3a8ffd54___GH_HL Leaf 321.JPG,missing_or_ambiguous_leaf_group
tomato_healthy,1b477a6a-aa09-4c12-ad17-fbbc08cd76da___GH_HL Leaf 386.JPG,missing_or_ambiguous_leaf_group
tomato_healthy,1b6ac535-3a40-40c7-a626-d11181dfb5a4___GH_HL Leaf 304.JPG,missing_or_ambiguous_leaf_group
tomato_healthy,1b855a60-d30c-4ed9-8f25-cffe523b436b___GH_HL Leaf 249.1.JPG,missing_or_ambiguous_leaf_group
tomato_healthy,1b966d62-d5c3-4a67-ba36-b67d873ccfdf___GH_HL Leaf 440.JPG,missing_or_ambiguous_leaf_group
tomato_healthy,1d10291e-a1ce-4309-b6a4-d034319e3875___GH_HL Leaf 251.1.JPG,missing_or_ambiguous_leaf_group
tomato_healthy,1dffd343-4634-4b33-95f4-eecc755aec8f___GH_HL Leaf 168.JPG,missing_or_ambiguous_leaf_group
tomato_healthy,1e4aef32-09c5-4af8-8948-dc86bd8ef2e7___GH_HL Leaf 215.1.JPG,missing_or_ambiguous_leaf_group
tomato_healthy,1e8c2c4d-e787-45ff-87ac-56484ac8d3d4___GH_HL Leaf 472.JPG,missing_or_ambiguous_leaf_group
tomato_healthy,1ebf9add-aa7f-4a84-adbf-67f700f918bc___GH_HL Leaf 437.JPG,missing_or_ambiguous_leaf_group
tomato_healthy,20024ad7-62d7-492c-aa7c-5a139a9a2aff___GH_HL Leaf 416.JPG,missing_or_ambiguous_leaf_group
tomato_healthy,20d823a4-0be3-4b8a-acdc-6efd1236e7f0___GH_HL Leaf 254.2.JPG,missing_or_ambiguous_leaf_group
tomato_healthy,221b0575-215a-430d-a728-60020b7ad160___GH_HL Leaf 340.JPG,missing_or_ambiguous_leaf_group
tomato_healthy,223cb57a-b9b7-4c9a-b03e-701a8548ff4d___GH_HL Leaf 248.JPG,missing_or_ambiguous_leaf_group
tomato_healthy,22e6625c-8075-428b-8356-fc6a97660efc___GH_HL Leaf 444.JPG,missing_or_ambiguous_leaf_group
tomato_healthy,23467438-6237-4b34-acde-80a3129e4b5d___GH_HL Leaf 187.JPG,missing_or_ambiguous_leaf_group
tomato_healthy,240a9583-9e6a-446d-8850-62bc23312ce9___GH_HL Leaf 312.4.JPG,missing_or_ambiguous_leaf_group
tomato_healthy,24336aa8-a0ad-404e-9669-3661d9920aec___GH_HL Leaf 435.1.JPG,missing_or_ambiguous_leaf_group
tomato_healthy,247e79d6-1874-4ce4-a777-a03a4f94edbf___GH_HL Leaf 211.1.JPG,missing_or_ambiguous_leaf_group
tomato_healthy,249797c6-648f-4df5-ab87-a0b82eb08801___GH_HL Leaf 495.JPG,missing_or_ambiguous_leaf_group
tomato_healthy,2503cc16-ff09-4437-9d4b-4316e2c32764___GH_HL Leaf 235.JPG,missing_or_ambiguous_leaf_group
tomato_healthy,25080b1c-6c0f-4b11-bb31-b5cfb2429395___GH_HL Leaf 238.JPG,missing_or_ambiguous_leaf_group
tomato_healthy,256a65aa-690c-4e03-b426-21e84bb9b6dd___GH_HL Leaf 477.1.JPG,missing_or_ambiguous_leaf_group
tomato_healthy,25cac927-fd33-4890-9948-8aa1e9a7af52___GH_HL Leaf 293.1.JPG,missing_or_ambiguous_leaf_group
tomato_healthy,264a08a7-74a4-4492-aff1-8a3ab8b35c46___GH_HL Leaf 314.1.JPG,missing_or_ambiguous_leaf_group
tomato_healthy,267fd403-bea5-4a99-ae97-ea1c272623a1___GH_HL Leaf 440.1.JPG,missing_or_ambiguous_leaf_group
tomato_healthy,271be296-4c0b-4817-a44b-cc9611d3f519___GH_HL Leaf 182.1.JPG,missing_or_ambiguous_leaf_group
tomato_healthy,2763797b-4786-41ef-8ff1-73b088f9973c___GH_HL Leaf 231.JPG,missing_or_ambiguous_leaf_group
tomato_healthy,28200010-ba2b-41f7-9dff-94d86019488e___GH_HL Leaf 366.JPG,missing_or_ambiguous_leaf_group
tomato_healthy,291a778d-bfbd-450e-98a8-d8276a9a5cf2___GH_HL Leaf 486.1.JPG,missing_or_ambiguous_leaf_group
tomato_healthy,293dddf9-f5e5-42de-ab68-f1cad0f69a43___GH_HL Leaf 232.JPG,missing_or_ambiguous_leaf_group
tomato_healthy,29d9f827-5e61-4b9b-acba-db0e7ce2016d___GH_HL Leaf 480.JPG,missing_or_ambiguous_leaf_group
tomato_healthy,29ff6f63-9b09-4833-8d76-00af9c7b6495___GH_HL Leaf 320.2.JPG,missing_or_ambiguous_leaf_group
tomato_healthy,2a089ff8-0fcf-4b18-b746-f997e3b18065___GH_HL Leaf 456.1.JPG,missing_or_ambiguous_leaf_group
tomato_healthy,2a1dd125-ece3-499f-a24b-1d00dbcc3184___GH_HL Leaf 227.JPG,missing_or_ambiguous_leaf_group
tomato_healthy,2a859068-5042-4f74-82ac-29339c760cbb___GH_HL Leaf 436.JPG,missing_or_ambiguous_leaf_group
tomato_healthy,2b14b93f-0664-4b7f-93fa-b7d3df03dc06___GH_HL Leaf 508.1.JPG,missing_or_ambiguous_leaf_group
tomato_healthy,2bc7f6c3-7765-4ab0-926b-57fc918bfbf0___GH_HL Leaf 305.JPG,missing_or_ambiguous_leaf_group
tomato_healthy,2bce59d3-c971-46da-8bb5-bc36b712e208___GH_HL Leaf 257.JPG,missing_or_ambiguous_leaf_group
tomato_healthy,2bd08574-9555-42a5-93b1-7fab8f9f8786___GH_HL Leaf 475.2.JPG,missing_or_ambiguous_leaf_group
tomato_healthy,2d4db3f7-a768-4a27-832c-fc72496e79b4___GH_HL Leaf 446.JPG,missing_or_ambiguous_leaf_group
tomato_healthy,2db5d3de-824c-4e62-9db1-e271d13ea27e___GH_HL Leaf 273.1.JPG,missing_or_ambiguous_leaf_group
tomato_healthy,2de3b39c-9fbd-4e94-b9e4-3f97dac9c34d___GH_HL Leaf 286.1.JPG,missing_or_ambiguous_leaf_group
tomato_healthy,2df73051-0fdf-4ed5-a626-205e245ad8c7___GH_HL Leaf 233.JPG,missing_or_ambiguous_leaf_group
tomato_healthy,2e485f1d-5aa5-4d56-8733-9625ed4d000c___GH_HL Leaf 344.JPG,missing_or_ambiguous_leaf_group
tomato_healthy,2e4b9ef4-4ee8-4a50-aac0-de7c001f36d4___GH_HL Leaf 288.1.JPG,missing_or_ambiguous_leaf_group
tomato_healthy,2e96661f-a313-4deb-bf32-1eacbc10c48d___GH_HL Leaf 424.JPG,missing_or_ambiguous_leaf_group
tomato_healthy,2e97e18f-8ae2-4d5d-b7fb-64baeead1ed4___GH_HL Leaf 221.1.JPG,missing_or_ambiguous_leaf_group
tomato_healthy,2ea87b73-a52b-4a4c-938f-4ce06335d171___GH_HL Leaf 177.1.JPG,missing_or_ambiguous_leaf_group
tomato_healthy,2ee6d2c6-a766-422c-a710-e89582d8155e___GH_HL Leaf 470.JPG,missing_or_ambiguous_leaf_group
tomato_healthy,2f07c3a8-90db-4d61-b8e3-55b3c016c510___GH_HL Leaf 382.1.JPG,missing_or_ambiguous_leaf_group
tomato_healthy,2f9e1c60-06fc-41e9-af7d-a91c4a5e9f3d___GH_HL Leaf 504.1.JPG,missing_or_ambiguous_leaf_group
tomato_healthy,2fd78b0f-a307-4824-9e6c-ff4a3f27e3c8___GH_HL Leaf 403.JPG,missing_or_ambiguous_leaf_group
tomato_healthy,3005a6ed-8ede-4bc5-ab3c-a54f87c45716___GH_HL Leaf 353.1.JPG,missing_or_ambiguous_leaf_group
tomato_healthy,30c8f7b8-e0cf-4cfb-b7fe-e2b75ce22789___GH_HL Leaf 333.1.JPG,missing_or_ambiguous_leaf_group
tomato_healthy,310d6f93-5075-44a2-80e4-57463adff105___GH_HL Leaf 449.1.JPG,missing_or_ambiguous_leaf_group
tomato_healthy,3181ca61-aaa0-4263-a141-2760d164f84b___GH_HL Leaf 189.1.JPG,missing_or_ambiguous_leaf_group
tomato_healthy,32622151-b281-4603-9d7f-cf5df8201e4c___GH_HL Leaf 171.JPG,missing_or_ambiguous_leaf_group
tomato_healthy,3367a9a6-6841-45db-bfa9-9b7b9fed0fa2___GH_HL Leaf 421.1.JPG,missing_or_ambiguous_leaf_group
tomato_healthy,337e35e3-7b0d-4760-a1f6-c26c7db90a0b___GH_HL Leaf 425.JPG,missing_or_ambiguous_leaf_group
tomato_healthy,347987eb-9aee-49c7-a8c9-346d18ee7227___GH_HL Leaf 229.1.JPG,missing_or_ambiguous_leaf_group
tomato_healthy,34a5aaa7-f50f-4b19-8a92-78ad697f6865___GH_HL Leaf 407.1.JPG,missing_or_ambiguous_leaf_group
tomato_healthy,34c81c57-e1fa-49dd-a49d-34fe8b2385fe___GH_HL Leaf 466.1.JPG,missing_or_ambiguous_leaf_group
tomato_healthy,3574c8fc-19bd-4163-adc8-c36276fff0fb___GH_HL Leaf 362.JPG,missing_or_ambiguous_leaf_group
tomato_healthy,37081fee-4a04-4134-99d9-f9ac3801ad47___GH_HL Leaf 201.1.JPG,missing_or_ambiguous_leaf_group
tomato_healthy,37203047-d8ba-43f7-b31e-d496c41c569c___GH_HL Leaf 389.JPG,missing_or_ambiguous_leaf_group
tomato_healthy,3796ec31-0263-4e17-a312-7871e7b5c0c2___GH_HL Leaf 486.JPG,missing_or_ambiguous_leaf_group
tomato_healthy,37aad83b-7ff8-4b35-b3ed-fb8e0f54910b___GH_HL Leaf 342.1.JPG,missing_or_ambiguous_leaf_group
tomato_healthy,381a69d2-9a7d-40e2-adcb-9d7e362229e2___GH_HL Leaf 478.JPG,missing_or_ambiguous_leaf_group
tomato_healthy,3887cbce-afde-4244-b39e-25ee0c9e24fc___GH_HL Leaf 235.1.JPG,missing_or_ambiguous_leaf_group
tomato_healthy,388aca21-8d73-460f-8f58-a876f294f98e___GH_HL Leaf 463.JPG,missing_or_ambiguous_leaf_group
tomato_healthy,388c05b0-964f-40e1-9319-2466a4021311___GH_HL Leaf 479.4.JPG,missing_or_ambiguous_leaf_group
tomato_healthy,38f54137-3e02-48fb-9fc1-0d444a13c40b___GH_HL Leaf 456.JPG,missing_or_ambiguous_leaf_group
tomato_healthy,397c68cc-c2f8-4a52-8468-557c8181bc9e___GH_HL Leaf 247.JPG,missing_or_ambiguous_leaf_group
tomato_healthy,399440f9-8e5f-4be7-805c-53c10636a9b2___GH_HL Leaf 332.JPG,missing_or_ambiguous_leaf_group
tomato_healthy,39976b35-40e7-4426-b21d-a8bfe1ce0a01___GH_HL Leaf 450.JPG,missing_or_ambiguous_leaf_group
tomato_healthy,3a1c6737-c9ff-44dc-9014-954753732160___GH_HL Leaf 406.1.JPG,missing_or_ambiguous_leaf_group
tomato_healthy,3b05e678-aa3c-47c6-9ebd-0650efd82b16___GH_HL Leaf 399.JPG,missing_or_ambiguous_leaf_group
tomato_healthy,3b0677fb-ff25-4871-aa89-37f756e917af___GH_HL Leaf 253.JPG,missing_or_ambiguous_leaf_group
tomato_healthy,3b0d89df-61d0-407f-9a26-661c8bb730cf___GH_HL Leaf 242.JPG,missing_or_ambiguous_leaf_group
tomato_healthy,3b4a011c-68ae-4b84-90b5-27ef4b2d3447___GH_HL Leaf 255.JPG,missing_or_ambiguous_leaf_group
tomato_healthy,3be50742-0fe9-404a-809e-9597793748a8___GH_HL Leaf 191.JPG,missing_or_ambiguous_leaf_group
tomato_healthy,3be7ae8c-bacb-4877-b6b5-c2251d22b431___GH_HL Leaf 497.1.JPG,missing_or_ambiguous_leaf_group
tomato_healthy,3d8a687c-febd-4bd6-8fa5-62a3e1d5ebf6___GH_HL Leaf 443.1.JPG,missing_or_ambiguous_leaf_group
tomato_healthy,3e204d0d-cfdb-41a2-a68b-c3168305d099___GH_HL Leaf 441.1.JPG,missing_or_ambiguous_leaf_group
tomato_healthy,3e4f86b3-55d1-4efc-bd8a-f13af318b181___GH_HL Leaf 492.JPG,missing_or_ambiguous_leaf_group
tomato_healthy,3e9a67e4-492b-4306-be1b-0a2624ea5c3e___GH_HL Leaf 175.JPG,missing_or_ambiguous_leaf_group
tomato_healthy,3ea001ac-b49b-4382-a95d-a602fba00a5a___GH_HL Leaf 445.JPG,missing_or_ambiguous_leaf_group
tomato_healthy,3f1beda2-534d-4970-b33e-99c43c1ee930___GH_HL Leaf 219.1.JPG,missing_or_ambiguous_leaf_group
tomato_healthy,3f1ce663-3715-4220-bbce-93bcc9f0c478___GH_HL Leaf 311.JPG,missing_or_ambiguous_leaf_group
tomato_healthy,3f730857-e87b-4de0-bcbb-fdf0314e2250___GH_HL Leaf 245.1.JPG,missing_or_ambiguous_leaf_group
tomato_healthy,410dea1e-836e-4d41-9039-9cfc2ec30c1e___GH_HL Leaf 318.1.JPG,missing_or_ambiguous_leaf_group
tomato_healthy,4127b1a7-3442-4847-96cb-7ea68495039e___GH_HL Leaf 259.JPG,missing_or_ambiguous_leaf_group
tomato_healthy,4184da3b-ccbd-4880-9aa7-dbb868a7f571___GH_HL Leaf 355.JPG,missing_or_ambiguous_leaf_group
tomato_healthy,424c3315-6c08-4ab3-89da-d8456bc2050b___GH_HL Leaf 443.JPG,missing_or_ambiguous_leaf_group
tomato_healthy,4255f30c-f233-4706-9334-bc3c0d09d63d___GH_HL Leaf 372.2.JPG,missing_or_ambiguous_leaf_group
tomato_healthy,436f658c-5e47-4d2b-9a8e-2509c6d88ad1___GH_HL Leaf 376.JPG,missing_or_ambiguous_leaf_group
tomato_healthy,4463e5e9-8afc-4dfd-9317-3013a538f2c8___GH_HL Leaf 308.JPG,missing_or_ambiguous_leaf_group
tomato_healthy,45167988-3f78-4309-8ce2-633d7521847f___GH_HL Leaf 432.1.JPG,missing_or_ambiguous_leaf_group
tomato_healthy,45a1a63e-d00e-434d-b1b8-5b14dcde5b1e___GH_HL Leaf 250.JPG,missing_or_ambiguous_leaf_group
tomato_healthy,45a1e50e-e504-40a6-8378-39c28914ca43___GH_HL Leaf 448.1.JPG,missing_or_ambiguous_leaf_group
tomato_healthy,45fc3f1c-6ccc-4ffd-a0a9-f53cbe4e71a1___GH_HL Leaf 206.1.JPG,missing_or_ambiguous_leaf_group
tomato_healthy,4629608b-5ac4-49d9-a8ff-ca1548fd4710___GH_HL Leaf 375.JPG,missing_or_ambiguous_leaf_group
tomato_healthy,47a87555-1411-43a3-85d2-5fb241ec089d___GH_HL Leaf 177.2.JPG,missing_or_ambiguous_leaf_group
tomato_healthy,488feb1c-4b9f-44e7-8aa6-4103a9601f5f___GH_HL Leaf 434.JPG,missing_or_ambiguous_leaf_group
tomato_healthy,48a36957-9e8e-4a17-b789-e775ea4bc523___GH_HL Leaf 254.1.JPG,missing_or_ambiguous_leaf_group
tomato_healthy,48cd0ef9-4e84-4f83-ad6b-e8ddc3eb6b3b___GH_HL Leaf 317.1.JPG,missing_or_ambiguous_leaf_group
tomato_healthy,48e28bd8-2395-4541-a64c-fd6fab030f06___GH_HL Leaf 352.1.JPG,missing_or_ambiguous_leaf_group
tomato_healthy,48ffe8ac-3cd7-4d15-a928-6775f657ddae___GH_HL Leaf 264.1.JPG,missing_or_ambiguous_leaf_group
tomato_healthy,495559bd-76e2-4c7a-935c-3ca1b4cf4b7b___GH_HL Leaf 180.1.JPG,missing_or_ambiguous_leaf_group
tomato_healthy,4959798b-5c9b-4f8e-b0a0-3778259614b1___CG1.JPG,missing_or_ambiguous_leaf_group
tomato_healthy,49a59716-84d4-44bd-b1c7-4571def5be12___GH_HL Leaf 421.JPG,missing_or_ambiguous_leaf_group
tomato_healthy,4a077dcb-30be-4f8d-9dc9-00f3874b1676___GH_HL Leaf 465.JPG,missing_or_ambiguous_leaf_group
tomato_healthy,4a0a9092-e70e-4a73-bb51-4d83b3c90a38___GH_HL Leaf 195.JPG,missing_or_ambiguous_leaf_group
tomato_healthy,4af641e9-7960-4c73-a32c-6373d1f341d0___GH_HL Leaf 489.JPG,missing_or_ambiguous_leaf_group
tomato_healthy,4ce6844e-2a92-47aa-9115-0eb1a9a0611c___GH_HL Leaf 464.1.JPG,missing_or_ambiguous_leaf_group
tomato_healthy,4d82bf50-5e71-4597-8684-6db7300e0cd4___GH_HL Leaf 316.JPG,missing_or_ambiguous_leaf_group
tomato_healthy,4de74e9a-e32a-467a-b6fd-512a16a09d22___GH_HL Leaf 329.JPG,missing_or_ambiguous_leaf_group
tomato_healthy,4e3e2f5a-04a7-4142-aad1-acfa13344e33___GH_HL Leaf 358.JPG,missing_or_ambiguous_leaf_group
tomato_healthy,4ed0a372-fe3d-49a6-82a1-2e904e6c66e3___GH_HL Leaf 200.JPG,missing_or_ambiguous_leaf_group
tomato_healthy,4ed59995-6214-4996-b98b-750e85433920___GH_HL Leaf 474.JPG,missing_or_ambiguous_leaf_group
tomato_healthy,4f256237-9e94-4703-b128-8e91ffac8075___GH_HL Leaf 364.JPG,missing_or_ambiguous_leaf_group
tomato_healthy,4f334ff5-0f0a-4d15-8760-448bebddd4f2___GH_HL Leaf 527.JPG,missing_or_ambiguous_leaf_group
tomato_healthy,4ff18566-4ef0-4492-85c6-5f8c94a2c20f___GH_HL Leaf 418.JPG,missing_or_ambiguous_leaf_group
tomato_healthy,5015e0d2-a6e3-4859-aceb-78089d1b60f7___GH_HL Leaf 186.2.JPG,missing_or_ambiguous_leaf_group
tomato_healthy,505465db-407b-4e0a-8110-7479dad5261c___GH_HL Leaf 389.JPG,missing_or_ambiguous_leaf_group
tomato_healthy,50a1376a-3a56-40b5-9f95-614689509505___GH_HL Leaf 413.JPG,missing_or_ambiguous_leaf_group
tomato_healthy,50ac802c-b814-4faf-b0d5-a7bc012747eb___GH_HL Leaf 315.JPG,missing_or_ambiguous_leaf_group
tomato_healthy,50aebd46-fc21-4954-b2d7-729b02a849b1___GH_HL Leaf 194.JPG,missing_or_ambiguous_leaf_group
tomato_healthy,50c710e2-ad13-4b3a-a829-65d51ead21ff___GH_HL Leaf 269.JPG,missing_or_ambiguous_leaf_group
tomato_healthy,50e94883-d7f1-4165-8c48-2f999ed1eef6___GH_HL Leaf 478.1.JPG,missing_or_ambiguous_leaf_group
tomato_healthy,5104e988-bef6-45fe-9677-095a045239ad___GH_HL Leaf 449.JPG,missing_or_ambiguous_leaf_group
tomato_healthy,513e1e06-d736-4317-b86b-73464b111958___GH_HL Leaf 385.JPG,missing_or_ambiguous_leaf_group
tomato_healthy,5153c319-4ab2-4ad0-af02-37219b0766d3___GH_HL Leaf 500.3.JPG,missing_or_ambiguous_leaf_group
tomato_healthy,51c29eaf-bd3a-427b-8ff7-ef970131ba95___GH_HL Leaf 345.JPG,missing_or_ambiguous_leaf_group
tomato_healthy,51e66b4b-c192-432f-bc52-d1c86a8da427___GH_HL Leaf 397.JPG,missing_or_ambiguous_leaf_group
tomato_healthy,51fda747-5f6a-4870-a874-2a53f706c015___GH_HL Leaf 220.1.JPG,missing_or_ambiguous_leaf_group
tomato_healthy,5216e02b-891f-4b00-9768-73f13e6d8ebf___GH_HL Leaf 433.1.JPG,missing_or_ambiguous_leaf_group
tomato_healthy,52325034-c2a2-4f00-b49d-e67cafcd2828___GH_HL Leaf 399.1.JPG,missing_or_ambiguous_leaf_group
tomato_healthy,5300bf32-485d-4978-9099-3175fb666da8___GH_HL Leaf 475.JPG,missing_or_ambiguous_leaf_group
tomato_healthy,530faba8-67fa-45bc-8aad-353f879b224c___GH_HL Leaf 462.JPG,missing_or_ambiguous_leaf_group
tomato_healthy,532a6e3c-5dd5-4adf-9bc0-c13551dae536___GH_HL Leaf 354.JPG,missing_or_ambiguous_leaf_group
tomato_healthy,54059d2e-8903-4cf1-9856-676620a5be93___GH_HL Leaf 484.JPG,missing_or_ambiguous_leaf_group
tomato_healthy,5418b9ca-804d-4219-8272-805c0d78c28b___GH_HL Leaf 404.1.JPG,missing_or_ambiguous_leaf_group
tomato_healthy,5546f7a3-67af-432a-9a09-35f02e6cc741___GH_HL Leaf 216.JPG,missing_or_ambiguous_leaf_group
tomato_healthy,5576cac9-71e4-4ec3-96bd-9b5cfa94fef4___GH_HL Leaf 267.JPG,missing_or_ambiguous_leaf_group
tomato_healthy,55bcfcce-70f4-4634-8107-0a8207da2b14___GH_HL Leaf 317.2.JPG,missing_or_ambiguous_leaf_group
tomato_healthy,56821d0b-8d8c-47ed-9754-3c16c9c97cb8___GH_HL Leaf 286.JPG,missing_or_ambiguous_leaf_group
tomato_healthy,568ae2e1-f63e-40f1-ac27-dac9fea86277___GH_HL Leaf 246.1.JPG,missing_or_ambiguous_leaf_group
tomato_healthy,56a12dcc-cd88-47c3-97b2-8c3a33f7dba2___GH_HL Leaf 370.JPG,missing_or_ambiguous_leaf_group
tomato_healthy,56f87203-cfd4-4e2c-b2d7-df17983d8267___GH_HL Leaf 374.JPG,missing_or_ambiguous_leaf_group
tomato_healthy,5785f4a6-39d9-40d9-bf57-2d41ed94518b___GH_HL Leaf 309.JPG,missing_or_ambiguous_leaf_group
tomato_healthy,579cec1c-8304-4b8c-84bb-be54a7e8c93f___GH_HL Leaf 367.JPG,missing_or_ambiguous_leaf_group
tomato_healthy,57b5d4cd-150b-4441-a535-8176fc1f97d7___GH_HL Leaf 197.1.JPG,missing_or_ambiguous_leaf_group
tomato_healthy,591c89ff-a75f-4613-b06d-4f3fbf6c426c___GH_HL Leaf 435.JPG,missing_or_ambiguous_leaf_group
tomato_healthy,598606b2-3e32-4d1d-b86e-042a14cd24d0___GH_HL Leaf 504.2.JPG,missing_or_ambiguous_leaf_group
tomato_healthy,59a8b3a3-7e21-4322-befc-0d3da471bd67___GH_HL Leaf 403.1.JPG,missing_or_ambiguous_leaf_group
tomato_healthy,59cc3bec-c66b-43f7-a445-42af2d7be410___GH_HL Leaf 476.JPG,missing_or_ambiguous_leaf_group
tomato_healthy,5a7de071-ba6b-4a06-a3d4-eab0abdc6ecf___GH_HL Leaf 398.1.JPG,missing_or_ambiguous_leaf_group
tomato_healthy,5b36f575-af3a-454c-b31f-2d4218fb5cca___GH_HL Leaf 487.JPG,missing_or_ambiguous_leaf_group
tomato_healthy,5c4d21aa-76f8-4ab7-8440-65fd3cac640b___GH_HL Leaf 263.JPG,missing_or_ambiguous_leaf_group
tomato_healthy,5c51ad21-b0e9-4b61-8980-d5e7a225b594___GH_HL Leaf 485.JPG,missing_or_ambiguous_leaf_group
tomato_healthy,5d11d60f-fb4a-4178-9594-d017a0f51b59___GH_HL Leaf 271.JPG,missing_or_ambiguous_leaf_group
tomato_healthy,5d1894ec-b384-4a2a-951c-0ef866776500___GH_HL Leaf 523.4.JPG,missing_or_ambiguous_leaf_group
tomato_healthy,5d49f9d4-e27e-4220-933a-3bef2f44c437___GH_HL Leaf 502.3.JPG,missing_or_ambiguous_leaf_group
tomato_healthy,5d5b9f07-dd6a-4927-9ca0-92945e9ad8df___GH_HL Leaf 209.1.JPG,missing_or_ambiguous_leaf_group
tomato_healthy,5ecf00da-161c-4e2f-a525-b9223adce0b6___GH_HL Leaf 252.1.JPG,missing_or_ambiguous_leaf_group
tomato_healthy,5f11bef5-6b09-4a9c-b0e1-6dfdd16f42d3___GH_HL Leaf 457.JPG,missing_or_ambiguous_leaf_group
tomato_healthy,5f887895-963a-4a96-8962-5af383dbe29a___GH_HL Leaf 425.1.JPG,missing_or_ambiguous_leaf_group
tomato_healthy,5fdf7f4f-4847-4492-bda8-01995d192e75___GH_HL Leaf 405.JPG,missing_or_ambiguous_leaf_group
tomato_healthy,622044a4-97d7-46a1-a702-2f586bb04a78___GH_HL Leaf 334.JPG,missing_or_ambiguous_leaf_group
tomato_healthy,62e7fbf8-131f-4036-b52e-6e5c5b945b13___GH_HL Leaf 410.JPG,missing_or_ambiguous_leaf_group
tomato_healthy,631c137e-7cd2-4923-829c-ec7cacdd2d01___GH_HL Leaf 420.JPG,missing_or_ambiguous_leaf_group
tomato_healthy,63612a6e-c1f1-4ae1-9741-52c28b264dfa___GH_HL Leaf 464.JPG,missing_or_ambiguous_leaf_group
tomato_healthy,6398befe-9cd0-4724-b564-248d76b50b5a___GH_HL Leaf 196.JPG,missing_or_ambiguous_leaf_group
tomato_healthy,64518a58-5c06-4a14-9ab6-2c4f71456050___GH_HL Leaf 394.JPG,missing_or_ambiguous_leaf_group
tomato_healthy,648594b0-d275-4e4c-8872-5136e01658c2___GH_HL Leaf 183.JPG,missing_or_ambiguous_leaf_group
tomato_healthy,64b5d77e-2b06-461d-94f9-5f15250a7e77___GH_HL Leaf 505.1.JPG,missing_or_ambiguous_leaf_group
tomato_healthy,6516ac80-5103-4d40-8200-af7dbdc239e7___GH_HL Leaf 202.1.JPG,missing_or_ambiguous_leaf_group
tomato_healthy,6555b55c-78bc-4391-88ed-65b596fc7e76___GH_HL Leaf 441.JPG,missing_or_ambiguous_leaf_group
tomato_healthy,66534b5a-a6b7-46bb-bc09-a6bba9d9a61a___GH_HL Leaf 225.2.JPG,missing_or_ambiguous_leaf_group
tomato_healthy,666598c7-f09e-4f8b-baf1-7d99e38de8c9___GH_HL Leaf 430.1.JPG,missing_or_ambiguous_leaf_group
tomato_healthy,66fb848b-843a-469d-a2d2-80f0e0e7eda4___GH_HL Leaf 371.1.JPG,missing_or_ambiguous_leaf_group
tomato_healthy,67549f03-2c86-44b7-9730-32d4a23287f3___GH_HL Leaf 495.2.JPG,missing_or_ambiguous_leaf_group
tomato_healthy,676eaef6-b16c-4f13-a39d-86c22f64da83___GH_HL Leaf 356.JPG,missing_or_ambiguous_leaf_group
tomato_healthy,67fb6b30-9542-4606-9438-da3e96b6a2d7___GH_HL Leaf 213.2.JPG,missing_or_ambiguous_leaf_group
tomato_healthy,688c6cc1-16b4-4f4a-9491-afba5c8a64b6___GH_HL Leaf 347.JPG,missing_or_ambiguous_leaf_group
tomato_healthy,6890c333-c7d2-4d50-8734-f70b61cef213___GH_HL Leaf 447.1.JPG,missing_or_ambiguous_leaf_group
tomato_healthy,68955a6d-9454-49ba-8924-a5ed69dcd820___GH_HL Leaf 276.JPG,missing_or_ambiguous_leaf_group
tomato_healthy,6900666d-da67-433d-a8bd-5a131c7ea4a9___GH_HL Leaf 467.JPG,missing_or_ambiguous_leaf_group
tomato_healthy,6949b108-03f0-4cee-b91a-bb5b23e93249___GH_HL Leaf 331.3.JPG,missing_or_ambiguous_leaf_group
tomato_healthy,69d1a3dc-54cd-4917-99b7-a315d7932edf___GH_HL Leaf 347.1.JPG,missing_or_ambiguous_leaf_group
tomato_healthy,6a74d0a9-4a5e-4dc2-9e14-aeade8b0c3b2___GH_HL Leaf 400.1.JPG,missing_or_ambiguous_leaf_group
tomato_healthy,6a800f5d-f218-4c0b-b78b-7cedcc70a3aa___GH_HL Leaf 337.1.JPG,missing_or_ambiguous_leaf_group
tomato_healthy,6b53630d-c9df-4e67-a490-b1835772d9a0___GH_HL Leaf 450.2.JPG,missing_or_ambiguous_leaf_group
tomato_healthy,6b9b1ad6-3e75-4378-ad97-7dc9b8fa084e___GH_HL Leaf 179.1.JPG,missing_or_ambiguous_leaf_group
tomato_healthy,6be1ec13-6964-4706-b94a-069d4a8592cf___GH_HL Leaf 175.1.JPG,missing_or_ambiguous_leaf_group
tomato_healthy,6c125a79-9b14-4a91-8f03-342910c7fe57___GH_HL Leaf 433.JPG,missing_or_ambiguous_leaf_group
tomato_healthy,6ce07d35-afb2-4290-9239-ef1dcb92acd8___GH_HL Leaf 492.1.JPG,missing_or_ambiguous_leaf_group
tomato_healthy,6d0a4eb6-2a48-4fd6-9bb5-df05eeeb05a8___GH_HL Leaf 316.2.JPG,missing_or_ambiguous_leaf_group
tomato_healthy,6d1dc982-e62e-448b-85bc-63b0d8363fa0___GH_HL Leaf 328.1.JPG,missing_or_ambiguous_leaf_group
tomato_healthy,6d2b6ab9-dd43-446a-ae14-0fc3fb12b9ca___GH_HL Leaf 265.2.JPG,missing_or_ambiguous_leaf_group
tomato_healthy,6d4e6329-bb8c-417c-8d28-6241a22c0a86___GH_HL Leaf 411.JPG,missing_or_ambiguous_leaf_group
tomato_healthy,6d6f479a-d165-46b3-95d8-43c4778c23f9___GH_HL Leaf 205.1.JPG,missing_or_ambiguous_leaf_group
tomato_healthy,6da1cf1b-a236-4d45-a390-dac6b65c45f7___GH_HL Leaf 264.JPG,missing_or_ambiguous_leaf_group
tomato_healthy,6dca3464-9e71-4edf-9ca5-746b5eebe418___GH_HL Leaf 352.JPG,missing_or_ambiguous_leaf_group
tomato_healthy,6ddb8b0b-5d74-4381-8787-6229de8d51fc___GH_HL Leaf 378.JPG,missing_or_ambiguous_leaf_group
tomato_healthy,6e3fca10-be50-4074-ada4-3122e864d4e0___GH_HL Leaf 294.1.JPG,missing_or_ambiguous_leaf_group
tomato_healthy,6e41f26a-5ce7-4fba-9fb5-e6a886b55f75___GH_HL Leaf 230.JPG,missing_or_ambiguous_leaf_group
tomato_healthy,6f489b75-4fca-4aae-834d-409db790224b___GH_HL Leaf 205.JPG,missing_or_ambiguous_leaf_group
tomato_healthy,6f6db1db-e3d1-4715-b46e-d0c64524da81___GH_HL Leaf 502.4.JPG,missing_or_ambiguous_leaf_group
tomato_healthy,70097a25-88b2-4c9a-800b-5a978cdf4c7c___GH_HL Leaf 384.1.JPG,missing_or_ambiguous_leaf_group
tomato_healthy,7079935b-c669-47db-a6ae-5a12d9ccf9d7___GH_HL Leaf 331.1.JPG,missing_or_ambiguous_leaf_group
tomato_healthy,709ca1e9-9c0f-4ebb-a3c1-529675210010___GH_HL Leaf 310.JPG,missing_or_ambiguous_leaf_group
tomato_healthy,709e6c14-61e3-4157-b371-f143ca5b1fda___GH_HL Leaf 256.JPG,missing_or_ambiguous_leaf_group
tomato_healthy,70ae81f5-0d05-4b69-a182-fa35bb3fe0ad___GH_HL Leaf 339.1.JPG,missing_or_ambiguous_leaf_group
tomato_healthy,711640b7-c013-4982-a5d9-c2d1d570048a___GH_HL Leaf 378.1.JPG,missing_or_ambiguous_leaf_group
tomato_healthy,7141e8d1-1554-4030-85dc-be5e984eb6ef___GH_HL Leaf 471.JPG,missing_or_ambiguous_leaf_group
tomato_healthy,7181181c-b571-4cf0-80c3-c52bd785ccf9___GH_HL Leaf 218.JPG,missing_or_ambiguous_leaf_group
tomato_healthy,7188d286-5201-40b6-925a-52af6e6c7c03___GH_HL Leaf 479.1.JPG,missing_or_ambiguous_leaf_group
tomato_healthy,71967e69-6356-49c1-81ce-624792b4d964___GH_HL Leaf 315.1.JPG,missing_or_ambiguous_leaf_group
tomato_healthy,71d75a62-1278-4092-aec5-5749c737eaa2___GH_HL Leaf 513.1.JPG,missing_or_ambiguous_leaf_group
tomato_healthy,724de01c-90cd-48e7-9360-749bb5b4713b___GH_HL Leaf 271.1.JPG,missing_or_ambiguous_leaf_group
tomato_healthy,729ddd12-6c56-4f8d-bf95-ce3a066c9f29___GH_HL Leaf 188.JPG,missing_or_ambiguous_leaf_group
tomato_healthy,739d1e6a-f835-4ff4-ab1c-33946def661a___GH_HL Leaf 219.JPG,missing_or_ambiguous_leaf_group
tomato_healthy,750a42ee-b73f-4137-934d-501b311a5528___GH_HL Leaf 330.JPG,missing_or_ambiguous_leaf_group
tomato_healthy,757dc01f-63b5-47aa-b15d-37cbb3f8e76c___GH_HL Leaf 184.1.JPG,missing_or_ambiguous_leaf_group
tomato_healthy,7620a603-c3cd-4893-9481-901c9950bb00___GH_HL Leaf 263.1.JPG,missing_or_ambiguous_leaf_group
tomato_healthy,7627db62-eca7-44fd-8b81-b818575821aa___GH_HL Leaf 356.1.JPG,missing_or_ambiguous_leaf_group
tomato_healthy,768fcdcd-089b-4108-bda6-fef4decf8944___GH_HL Leaf 455.JPG,missing_or_ambiguous_leaf_group
tomato_healthy,77c978a3-7285-4d36-a858-1b77729020b7___GH_HL Leaf 462.1.JPG,missing_or_ambiguous_leaf_group
tomato_healthy,7853cc96-2ac8-479e-83f5-353b88a351a2___GH_HL Leaf 514.3.JPG,missing_or_ambiguous_leaf_group
tomato_healthy,7864a688-3ee0-4ddc-83e8-6edb177dd6bf___GH_HL Leaf 193.1.JPG,missing_or_ambiguous_leaf_group
tomato_healthy,7890f4dc-0c55-454b-ab23-3b25d3d973c4___GH_HL Leaf 366.1.JPG,missing_or_ambiguous_leaf_group
tomato_healthy,78c0dc05-0bac-43fd-81b5-b10b61f666cd___GH_HL Leaf 481.5.JPG,missing_or_ambiguous_leaf_group
tomato_healthy,798fdd0c-27d2-4e72-a359-bd00208e8b1a___GH_HL Leaf 207.1.JPG,missing_or_ambiguous_leaf_group
tomato_healthy,79e298b2-32c5-40c6-abb7-67bb7f174751___GH_HL Leaf 391.JPG,missing_or_ambiguous_leaf_group
tomato_healthy,79e38a3e-8170-44e3-a7ce-e00bbbcf24dc___GH_HL Leaf 460.JPG,missing_or_ambiguous_leaf_group
tomato_healthy,7a73a7f9-27e3-4898-be48-97ddcaa094a4___GH_HL Leaf 381.JPG,missing_or_ambiguous_leaf_group
tomato_healthy,7ad747e8-af36-4128-a819-b35e55c93b56___GH_HL Leaf 489.1.JPG,missing_or_ambiguous_leaf_group
tomato_healthy,7c879fc2-09b8-47ab-af57-2508cc854861___GH_HL Leaf 380.JPG,missing_or_ambiguous_leaf_group
tomato_healthy,7ce1f8c1-1542-4d7b-be27-11e29d572283___GH_HL Leaf 508.2.JPG,missing_or_ambiguous_leaf_group
tomato_healthy,7d76aa96-b29e-4a60-a3e7-bd489f5a79b2___GH_HL Leaf 176.3.JPG,missing_or_ambiguous_leaf_group
tomato_healthy,7de93009-6180-4027-8779-76947cda3e2f___2700323949_95aa2eaa01_o.jpg,missing_or_ambiguous_leaf_group
tomato_healthy,7e3c7e5d-172c-4a25-ad05-2b32e49c7bd2___GH_HL Leaf 387.JPG,missing_or_ambiguous_leaf_group
tomato_healthy,7ee078a8-218e-4ebf-8935-ec9f844ab744___GH_HL Leaf 212.9.JPG,missing_or_ambiguous_leaf_group
tomato_healthy,7f58b2c9-3a62-402f-80d8-4a9aef9203ea___GH_HL Leaf 411.1.JPG,missing_or_ambiguous_leaf_group
tomato_healthy,7f5c8018-c4c3-4471-aa30-defe910ea3d9___GH_HL Leaf 444.1.JPG,missing_or_ambiguous_leaf_group
tomato_healthy,7f7b6cff-3d29-45ad-a0df-56f568289be9___GH_HL Leaf 506.1.JPG,missing_or_ambiguous_leaf_group
tomato_healthy,81382c17-1a00-4597-87e4-2e674d38d6d2___GH_HL Leaf 269.1.JPG,missing_or_ambiguous_leaf_group
tomato_healthy,8140c767-937d-450c-8070-2936aeb73834___GH_HL Leaf 439.1.JPG,missing_or_ambiguous_leaf_group
tomato_healthy,81453f31-6152-44e0-bfaf-fcd1336fc064___GH_HL Leaf 479.JPG,missing_or_ambiguous_leaf_group
tomato_healthy,81a4e19e-bbcd-4029-8a4f-ae97afe0cdcb___GH_HL Leaf 323.1.JPG,missing_or_ambiguous_leaf_group
tomato_healthy,82a343d3-1a57-4190-b0d7-8e8c88e832a7___GH_HL Leaf 306.JPG,missing_or_ambiguous_leaf_group
tomato_healthy,82a3d470-940b-431f-9d79-3963b4e41028___GH_HL Leaf 475.1.JPG,missing_or_ambiguous_leaf_group
tomato_healthy,82b63dfc-d0b6-4bb3-afc4-db8d61476b10___GH_HL Leaf 415.JPG,missing_or_ambiguous_leaf_group
tomato_healthy,839daf12-8d8b-478e-b214-2d5dd0fa509a___GH_HL Leaf 445.1.JPG,missing_or_ambiguous_leaf_group
tomato_healthy,83fa8d6f-4c08-46bf-b4cf-7a33d4fe0031___GH_HL Leaf 180.JPG,missing_or_ambiguous_leaf_group
tomato_healthy,84991306-21f6-41fb-a723-0c7ba1dac9d3___GH_HL Leaf 199.JPG,missing_or_ambiguous_leaf_group
tomato_healthy,84b9dbb3-98bb-48b0-893f-74627840a2b9___GH_HL Leaf 225.JPG,missing_or_ambiguous_leaf_group
tomato_healthy,84cbb98b-5c2f-4367-8d78-52be491e66bd___GH_HL Leaf 336.JPG,missing_or_ambiguous_leaf_group
tomato_healthy,86a7487a-e9a1-413c-b8ad-6dfacf9c0b2a___GH_HL Leaf 413.1.JPG,missing_or_ambiguous_leaf_group
tomato_healthy,878c1a99-3224-4b99-87e5-2a2c497909ca___GH_HL Leaf 274.JPG,missing_or_ambiguous_leaf_group
tomato_healthy,87a77f4d-38bd-42dc-bdd3-5f2a1fa95ca7___GH_HL Leaf 469.3.JPG,missing_or_ambiguous_leaf_group
tomato_healthy,87d30769-5aea-4648-8105-788267115242___GH_HL Leaf 414.1.JPG,missing_or_ambiguous_leaf_group
tomato_healthy,87f08e15-5b2d-4d01-b83b-fd958eba02d4___GH_HL Leaf 434.2.JPG,missing_or_ambiguous_leaf_group
tomato_healthy,8809940a-a097-4488-9e49-3ffdc10d8d9a___GH_HL Leaf 245.JPG,missing_or_ambiguous_leaf_group
tomato_healthy,8811ef44-071b-430a-a0a4-989bf7668582___GH_HL Leaf 193.JPG,missing_or_ambiguous_leaf_group
tomato_healthy,883b7c13-7aef-4ae9-bd70-065a16226e9d___GH_HL Leaf 170.1.JPG,missing_or_ambiguous_leaf_group
tomato_healthy,8858ed06-2e1b-4a4a-bd16-e4425ae62312___GH_HL Leaf 523.1.JPG,missing_or_ambiguous_leaf_group
tomato_healthy,886c81aa-0494-4dd7-adc5-301af73df1f7___GH_HL Leaf 215.JPG,missing_or_ambiguous_leaf_group
tomato_healthy,8887e457-f477-426d-bcf7-a6e7d43d42c1___GH_HL Leaf 296.JPG,missing_or_ambiguous_leaf_group
tomato_healthy,8934ec44-9624-4e9e-af58-29ec2f1d88a7___GH_HL Leaf 494.JPG,missing_or_ambiguous_leaf_group
tomato_healthy,89662229-ef90-4f4a-ac7a-74542f88377d___GH_HL Leaf 495.3.JPG,missing_or_ambiguous_leaf_group
tomato_healthy,89787310-40fb-4d46-9b4b-5f8426e26ccf___GH_HL Leaf 442.1.JPG,missing_or_ambiguous_leaf_group
tomato_healthy,89ecd925-23ef-4bfe-8c55-cad05161aca2___GH_HL Leaf 236.1.JPG,missing_or_ambiguous_leaf_group
tomato_healthy,8a4dc6f9-2f54-4bdd-957f-d9fb709e1b26___GH_HL Leaf 302.1.JPG,missing_or_ambiguous_leaf_group
tomato_healthy,8a9afef1-d6fb-4ea5-a386-2236521b2a32___GH_HL Leaf 234.JPG,missing_or_ambiguous_leaf_group
tomato_healthy,8accf0ce-a43d-449c-86fb-e327fb6ab2c9___GH_HL Leaf 241.JPG,missing_or_ambiguous_leaf_group
tomato_healthy,8b94be33-e461-4004-8891-0a69598cea6b___GH_HL Leaf 223.1.JPG,missing_or_ambiguous_leaf_group
tomato_healthy,8c4cf935-765a-4689-a093-08e8c64fb124___GH_HL Leaf 369.JPG,missing_or_ambiguous_leaf_group
tomato_healthy,8c5dbb8f-90fb-4ec7-9563-11e54723687e___GH_HL Leaf 190.JPG,missing_or_ambiguous_leaf_group
tomato_healthy,8cc9bd20-8bc9-49c2-bef6-5d43644e7216___GH_HL Leaf 459.JPG,missing_or_ambiguous_leaf_group
tomato_healthy,8ccf22b2-53fe-4886-b88d-d65aa0cf7252___GH_HL Leaf 196.1.JPG,missing_or_ambiguous_leaf_group
tomato_healthy,8d39c92d-db17-4a32-a350-1fa670fe2268___GH_HL Leaf 224.JPG,missing_or_ambiguous_leaf_group
tomato_healthy,8d3c1a28-27a6-4376-9390-2372dadb7264___GH_HL Leaf 395.JPG,missing_or_ambiguous_leaf_group
tomato_healthy,8d4a3b2d-bcef-4861-a0a0-c3cb0a1990ce___GH_HL Leaf 204.JPG,missing_or_ambiguous_leaf_group
tomato_healthy,8d78a34f-1777-4bd8-a925-795c57c11787___GH_HL Leaf 429.1.JPG,missing_or_ambiguous_leaf_group
tomato_healthy,8db2e3c6-c5d9-41ec-9977-7b1a71964f24___GH_HL Leaf 501.2.JPG,missing_or_ambiguous_leaf_group
tomato_healthy,8e117b61-5360-49c8-aa55-4e90f8fae129___GH_HL Leaf 261.JPG,missing_or_ambiguous_leaf_group
tomato_healthy,8e152ac8-9de2-4f59-a527-bf86d400f184___GH_HL Leaf 482.JPG,missing_or_ambiguous_leaf_group
tomato_healthy,8e6025ac-c6d3-412a-9fec-946247f6ca08___GH_HL Leaf 461.3.JPG,missing_or_ambiguous_leaf_group
tomato_healthy,8ea80484-4e70-4a51-bbc2-213cfedd4f59___GH_HL Leaf 341.JPG,missing_or_ambiguous_leaf_group
tomato_healthy,8ed42b66-acb0-42d9-a1d8-f624573e07d0___GH_HL Leaf 212.8.JPG,missing_or_ambiguous_leaf_group
tomato_healthy,8ee7fa28-296c-4cf0-970b-d2015b1b75e8___GH_HL Leaf 327.JPG,missing_or_ambiguous_leaf_group
tomato_healthy,8f3da0fb-90a0-4eac-b065-822895c41c54___GH_HL Leaf 265.1.JPG,missing_or_ambiguous_leaf_group
tomato_healthy,902d49e5-febf-4970-b0fb-99a57e8e284b___GH_HL Leaf 179.JPG,missing_or_ambiguous_leaf_group
tomato_healthy,918886d9-62bf-46a4-97f9-0afe76641b25___GH_HL Leaf 365.1.JPG,missing_or_ambiguous_leaf_group
tomato_healthy,9268e1da-3fc4-49b1-8fcb-3f0d8957114a___GH_HL Leaf 277.1.JPG,missing_or_ambiguous_leaf_group
tomato_healthy,92c06519-cec4-4091-9ae1-5ea8b56c89cd___GH_HL Leaf 525.JPG,missing_or_ambiguous_leaf_group
tomato_healthy,93228670-1f62-4e23-8993-a488ff7068c0___GH_HL Leaf 257.1.JPG,missing_or_ambiguous_leaf_group
tomato_healthy,933b7a1c-5015-48df-8c2d-b7fdf918a4db___GH_HL Leaf 490.1.JPG,missing_or_ambiguous_leaf_group
tomato_healthy,9397ecfe-6f1f-47cf-8549-43711ec0e734___GH_HL Leaf 213.JPG,missing_or_ambiguous_leaf_group
tomato_healthy,93d00575-64fc-4cb6-93c1-91be73a0b90c___GH_HL Leaf 313.1.JPG,missing_or_ambiguous_leaf_group
tomato_healthy,95706580-86d7-49c2-be2e-66f19331c731___GH_HL Leaf 335.JPG,missing_or_ambiguous_leaf_group
tomato_healthy,95973ed9-f9a8-4c71-b232-432f61020fe3___GH_HL Leaf 412.JPG,missing_or_ambiguous_leaf_group
tomato_healthy,961e5369-8899-4d35-a83c-82eb55c2a848___GH_HL Leaf 188.2.JPG,missing_or_ambiguous_leaf_group
tomato_healthy,9630e186-4b6c-492b-b450-a30bd7fd7fcb___GH_HL Leaf 322.1.JPG,missing_or_ambiguous_leaf_group
tomato_healthy,9662364c-aaba-45e3-b907-10792d60578c___GH_HL Leaf 220.JPG,missing_or_ambiguous_leaf_group
tomato_healthy,96d85e53-b980-42f7-8e3d-cd6f7ec9c287___GH_HL Leaf 520.5.JPG,missing_or_ambiguous_leaf_group
tomato_healthy,9721c76f-52cc-4a63-a465-4cc32974806c___GH_HL Leaf 431.1.JPG,missing_or_ambiguous_leaf_group
tomato_healthy,973c9431-f521-462d-82fa-442196087ca8___GH_HL Leaf 204.1.JPG,missing_or_ambiguous_leaf_group
tomato_healthy,98e0a217-023f-45ad-a1b7-3719a5fdea49___GH_HL Leaf 283.JPG,missing_or_ambiguous_leaf_group
tomato_healthy,99fcb52b-0e4f-47a6-b350-1d49d26bc649___GH_HL Leaf 298.JPG,missing_or_ambiguous_leaf_group
tomato_healthy,9a5d3900-8707-4088-8ec0-1fad45d8bd11___GH_HL Leaf 339.JPG,missing_or_ambiguous_leaf_group
tomato_healthy,9a97f632-a6a4-4a7e-9a82-90167fdf8fff___GH_HL Leaf 181.JPG,missing_or_ambiguous_leaf_group
tomato_healthy,9ae93bcc-5cfb-4407-a711-de800fb2853a___GH_HL Leaf 519.4.JPG,missing_or_ambiguous_leaf_group
tomato_healthy,9b0e031b-27c2-4c62-8923-ccc3ce5a4048___GH_HL Leaf 401.1.JPG,missing_or_ambiguous_leaf_group
tomato_healthy,9b5626b0-ea1d-45d0-bc41-c898f7253a75___GH_HL Leaf 315.2.JPG,missing_or_ambiguous_leaf_group
tomato_healthy,9b8f108a-010b-4b8b-98ea-b30cbf62b805___GH_HL Leaf 349.1.JPG,missing_or_ambiguous_leaf_group
tomato_healthy,9bda0790-8cb2-4dce-8b8a-debdbd08a67d___GH_HL Leaf 388.JPG,missing_or_ambiguous_leaf_group
tomato_healthy,9be696de-84ac-4275-b9b0-a6a54e8a1813___GH_HL Leaf 244.JPG,missing_or_ambiguous_leaf_group
tomato_healthy,9c3ad610-7677-4f3c-9646-88069e0c61cb___GH_HL Leaf 449.2.JPG,missing_or_ambiguous_leaf_group
tomato_healthy,9d197d8a-3f35-401a-8aa4-39f7e69d05c5___GH_HL Leaf 326.JPG,missing_or_ambiguous_leaf_group
tomato_healthy,9dcb8870-47cb-4816-bb88-a435b5844cf6___GH_HL Leaf 207.JPG,missing_or_ambiguous_leaf_group
tomato_healthy,9ed00c97-7867-4e6f-a274-f2bad77ecfaf___GH_HL Leaf 515.1.JPG,missing_or_ambiguous_leaf_group
tomato_healthy,9f1704fc-28ae-4e27-a6f3-885811ea80e2___GH_HL Leaf 260.JPG,missing_or_ambiguous_leaf_group
tomato_healthy,a0285527-98c1-40b7-992b-404644387ad8___GH_HL Leaf 509.4.JPG,missing_or_ambiguous_leaf_group
tomato_healthy,a2317e6a-8548-432c-b69f-0f6daada41fa___GH_HL Leaf 469.1.JPG,missing_or_ambiguous_leaf_group
tomato_healthy,a261cf1c-0bf5-4dec-b796-5dfe2ab0ee1b___GH_HL Leaf 322.JPG,missing_or_ambiguous_leaf_group
tomato_healthy,a37b6334-5748-413a-9c7d-85c3ac8edee8___GH_HL Leaf 260.1.JPG,missing_or_ambiguous_leaf_group
tomato_healthy,a3e61ed6-3c67-48d7-af39-9a69b2c5c7bc___GH_HL Leaf 250.1.JPG,missing_or_ambiguous_leaf_group
tomato_healthy,a4dea30d-6551-4107-bba6-1390e74b6b0b___GH_HL Leaf 261.1.JPG,missing_or_ambiguous_leaf_group
tomato_healthy,a54804c7-1bc2-439a-a09f-3d1a6ce81856___GH_HL Leaf 309.1.JPG,missing_or_ambiguous_leaf_group
tomato_healthy,a5de43e7-fc2f-4a14-a8e6-c0f2f94c84f1___GH_HL Leaf 434.JPG,missing_or_ambiguous_leaf_group
tomato_healthy,a5e54e01-2cd5-482a-bfba-8728ca32473c___GH_HL Leaf 426.JPG,missing_or_ambiguous_leaf_group
tomato_healthy,a6e38349-62a4-43e6-bf92-84bc17e6d8eb___GH_HL Leaf 485.1.JPG,missing_or_ambiguous_leaf_group
tomato_healthy,a7c3088b-6aeb-4e8c-97dd-4661a4cacc38___GH_HL Leaf 186.JPG,missing_or_ambiguous_leaf_group
tomato_healthy,a8264fd4-d1e7-4114-b1e1-51b0f141db03___GH_HL Leaf 243.JPG,missing_or_ambiguous_leaf_group
tomato_healthy,ab1658d8-ef48-4068-b2b5-ce49fb3d06c0___GH_HL Leaf 397.1.JPG,missing_or_ambiguous_leaf_group
tomato_healthy,ab43ead0-0a4c-4069-8c29-43310eb145e1___GH_HL Leaf 419.JPG,missing_or_ambiguous_leaf_group
tomato_healthy,ac249839-fe21-45cd-9e09-f0023fa7ee3a___GH_HL Leaf 273.JPG,missing_or_ambiguous_leaf_group
tomato_healthy,ad8359a4-48b9-4469-a012-ed9b220de38e___GH_HL Leaf 285.1.JPG,missing_or_ambiguous_leaf_group
tomato_healthy,adc79be8-ca9e-4cf7-b62c-453e0e5fbdec___GH_HL Leaf 307.1.JPG,missing_or_ambiguous_leaf_group
tomato_healthy,ae745e4a-eecc-40dd-b860-25bdee6729e3___GH_HL Leaf 417.2.JPG,missing_or_ambiguous_leaf_group
tomato_healthy,af78f888-bd62-44bb-8223-6be0cf0950fc___GH_HL Leaf 491.JPG,missing_or_ambiguous_leaf_group
tomato_healthy,af83b40a-8cac-4467-a44b-1a129b25e4fc___GH_HL Leaf 362.1.JPG,missing_or_ambiguous_leaf_group
tomato_healthy,b089aa0a-1778-4c3d-ad5d-7997a9b97dbb___GH_HL Leaf 481.JPG,missing_or_ambiguous_leaf_group
tomato_healthy,b0bf12cb-8868-4762-bd27-8cb3ebf69594___GH_HL Leaf 512.1.JPG,missing_or_ambiguous_leaf_group
tomato_healthy,b212b78d-286a-4eec-b5b2-194ce2511695___GH_HL Leaf 345.1.JPG,missing_or_ambiguous_leaf_group
tomato_healthy,b3813caa-82f2-4b9b-a5ef-a9f0db6f08bf___GH_HL Leaf 466.JPG,missing_or_ambiguous_leaf_group
tomato_healthy,b3e24070-34b9-4dcb-8c84-026affadfb4b___GH_HL Leaf 360.JPG,missing_or_ambiguous_leaf_group
tomato_healthy,b3e76dfe-eeb0-4edf-a93c-bb7964ff57eb___GH_HL Leaf 210.4.JPG,missing_or_ambiguous_leaf_group
tomato_healthy,b3ff240c-bcdd-4926-9e87-c515cd6c2971___GH_HL Leaf 409.JPG,missing_or_ambiguous_leaf_group
tomato_healthy,b41196ab-88ea-4057-bf87-b1435d5a0d1d___GH_HL Leaf 258.1.JPG,missing_or_ambiguous_leaf_group
tomato_healthy,b427ec05-0b9a-45c6-8148-cbddad66e99d___GH_HL Leaf 516.3.JPG,missing_or_ambiguous_leaf_group
tomato_healthy,b48b9ce8-56ae-4ada-b90d-148b253d8a74___GH_HL Leaf 184.JPG,missing_or_ambiguous_leaf_group
tomato_healthy,b4a648b8-4132-4bfa-9a7d-13c1a8696c9b___GH_HL Leaf 295.1.JPG,missing_or_ambiguous_leaf_group
tomato_healthy,b4f405ee-4471-4af5-b0c1-a4bc2aed730e___GH_HL Leaf 358.1.JPG,missing_or_ambiguous_leaf_group
tomato_healthy,b6256250-7248-410b-b369-08cb07166099___GH_HL Leaf 452.JPG,missing_or_ambiguous_leaf_group
tomato_healthy,b6fa2d79-dac1-42c6-a074-9d013843bb11___GH_HL Leaf 276.1.JPG,missing_or_ambiguous_leaf_group
tomato_healthy,b7e3a280-a031-475d-95b2-a1d2f0f49e02___GH_HL Leaf 279.JPG,missing_or_ambiguous_leaf_group
tomato_healthy,b840daeb-319f-4cf3-b2a0-3010387fd5d3___GH_HL Leaf 493.JPG,missing_or_ambiguous_leaf_group
tomato_healthy,b89c8996-9a04-45fe-a517-97e23227881c___GH_HL Leaf 430.JPG,missing_or_ambiguous_leaf_group
tomato_healthy,b8af2ce5-8429-4842-8ebc-c9d1ac9ed96f___GH_HL Leaf 301.JPG,missing_or_ambiguous_leaf_group
tomato_healthy,b8b8bef0-e86c-47ae-ba47-7912b10beffe___GH_HL Leaf 302.JPG,missing_or_ambiguous_leaf_group
tomato_healthy,b91da997-c7c4-44aa-b00c-e558887d0ba6___GH_HL Leaf 368.1.JPG,missing_or_ambiguous_leaf_group
tomato_healthy,b95435ea-5649-465e-83cc-247d1ab11b54___GH_HL Leaf 203.JPG,missing_or_ambiguous_leaf_group
tomato_healthy,b9c8c02c-146e-4d10-b16d-d6d4b245eff9___GH_HL Leaf 233.1.JPG,missing_or_ambiguous_leaf_group
tomato_healthy,ba6d8256-1d1e-4642-b7f1-8e0f220fb0a4___GH_HL Leaf 359.JPG,missing_or_ambiguous_leaf_group
tomato_healthy,bae543d4-d61d-45e6-aa0c-eaf45af53456___GH_HL Leaf 349.JPG,missing_or_ambiguous_leaf_group
tomato_healthy,bb06c1c7-3f4d-45d0-8882-b2eb8861b834___GH_HL Leaf 372.JPG,missing_or_ambiguous_leaf_group
tomato_healthy,bb8861fc-350e-49da-86aa-1b475a2d5442___GH_HL Leaf 325.JPG,missing_or_ambiguous_leaf_group
tomato_healthy,bb8b0b14-a5f5-4c11-887f-71aed1864d84___GH_HL Leaf 409.1.JPG,missing_or_ambiguous_leaf_group
tomato_healthy,bc0e8e3d-0cd4-4650-ac73-c099a0b75d4e___GH_HL Leaf 426.1.JPG,missing_or_ambiguous_leaf_group
tomato_healthy,bc36c64a-8e37-4275-80e9-81431c4ba98f___GH_HL Leaf 184.2.JPG,missing_or_ambiguous_leaf_group
tomato_healthy,bc3ca9e1-86c1-4945-9993-c61a38a942ed___GH_HL Leaf 294.JPG,missing_or_ambiguous_leaf_group
tomato_healthy,bc6175c9-0e00-4618-af5a-3dd43a3e6266___GH_HL Leaf 238.1.JPG,missing_or_ambiguous_leaf_group
tomato_healthy,bcf2a4c7-5e73-4443-b39c-74fd6895afb5___GH_HL Leaf 248.1.JPG,missing_or_ambiguous_leaf_group
tomato_healthy,bd18b0d8-3ee7-4c96-a2d4-cf8db766c047___GH_HL Leaf 498.2.JPG,missing_or_ambiguous_leaf_group
tomato_healthy,bd4111eb-69bf-44b7-b02c-13477b5dc8e1___GH_HL Leaf 357.JPG,missing_or_ambiguous_leaf_group
tomato_healthy,bd7ec723-4020-4d73-96b4-8c57c94e93fe___GH_HL Leaf 382.2.JPG,missing_or_ambiguous_leaf_group
tomato_healthy,be5a8881-cc33-42c0-adc7-52d2380a9902___GH_HL Leaf 505.4.JPG,missing_or_ambiguous_leaf_group
tomato_healthy,beb8ecc5-3283-430e-b598-343f6754a752___GH_HL Leaf 328.JPG,missing_or_ambiguous_leaf_group
tomato_healthy,bf2e072b-f57b-48ce-b155-f255bebd85a2___GH_HL Leaf 317.JPG,missing_or_ambiguous_leaf_group
tomato_healthy,c14e3118-373b-4164-8f54-6c4239908d0f___GH_HL Leaf 488.JPG,missing_or_ambiguous_leaf_group
tomato_healthy,c17bbdf8-c589-44bc-a805-6dec51568733___GH_HL Leaf 402.JPG,missing_or_ambiguous_leaf_group
tomato_healthy,c1aad9bf-ed08-4cb9-9ef0-8c0d4a3de010___GH_HL Leaf 319.JPG,missing_or_ambiguous_leaf_group
tomato_healthy,c1c04a55-0dd5-48e2-9cc6-76bbcc1899fd___GH_HL Leaf 340.1.JPG,missing_or_ambiguous_leaf_group
tomato_healthy,c1dfd66e-7c0c-40a7-8280-0aa1aaf5436b___GH_HL Leaf 431.JPG,missing_or_ambiguous_leaf_group
tomato_healthy,c25ca040-07f4-4882-b5c9-e8083ba994a2___GH_HL Leaf 417.1.JPG,missing_or_ambiguous_leaf_group
tomato_healthy,c268e18a-6916-43ef-8aa8-f68b1429b7dc___GH_HL Leaf 236.2.JPG,missing_or_ambiguous_leaf_group
tomato_healthy,c2c1758f-3576-4e8a-9853-5f11ac4d20d6___GH_HL Leaf 316.1.JPG,missing_or_ambiguous_leaf_group
tomato_healthy,c2f44d15-cc56-44eb-afce-b53e919becb9___GH_HL Leaf 398.JPG,missing_or_ambiguous_leaf_group
tomato_healthy,c3724cd0-50c4-4780-8dc8-fe3e9d0d0680___GH_HL Leaf 292.JPG,missing_or_ambiguous_leaf_group
tomato_healthy,c3a27dc9-0abc-4828-9163-f55530332cab___GH_HL Leaf 228.JPG,missing_or_ambiguous_leaf_group
tomato_healthy,c43b1ab2-6886-4f6d-88cb-b01d1c73e1b0___GH_HL Leaf 368.JPG,missing_or_ambiguous_leaf_group
tomato_healthy,c49577fa-06ce-40f1-ab69-ff21836b5061___GH_HL Leaf 277.2.JPG,missing_or_ambiguous_leaf_group
tomato_healthy,c4a30e2a-f520-4cdc-a58d-7ea1eb7c22e6___GH_HL Leaf 454.JPG,missing_or_ambiguous_leaf_group
tomato_healthy,c52610f1-e253-49ac-bb6f-af3dc1d9c396___GH_HL Leaf 363.1.JPG,missing_or_ambiguous_leaf_group
tomato_healthy,c52fd532-f7ee-43cc-a286-4ac512d4f5ca___GH_HL Leaf 282.JPG,missing_or_ambiguous_leaf_group
tomato_healthy,c56b4a9c-dd6f-48ac-ac94-c4fbf6194031___GH_HL Leaf 364.1.JPG,missing_or_ambiguous_leaf_group
tomato_healthy,c586e5df-8410-4690-aee8-25e9ef9df9a5___GH_HL Leaf 178.1.JPG,missing_or_ambiguous_leaf_group
tomato_healthy,c58defb7-5515-4b89-896f-13039c13051f___GH_HL Leaf 372.1.JPG,missing_or_ambiguous_leaf_group
tomato_healthy,c59a5a86-2645-49e0-a6e0-c9e8112f95d5___GH_HL Leaf 166.1.JPG,missing_or_ambiguous_leaf_group
tomato_healthy,c5db6d9e-4821-4b05-8b44-80ba702a8401___GH_HL Leaf 373.JPG,missing_or_ambiguous_leaf_group
tomato_healthy,c6acee22-6c56-41a8-ae90-26c6064e0261___GH_HL Leaf 468.JPG,missing_or_ambiguous_leaf_group
tomato_healthy,c7cedd2f-dfae-4232-9cab-d75197d48948___GH_HL Leaf 226.6.JPG,missing_or_ambiguous_leaf_group
tomato_healthy,c8a610ce-ef41-42b4-ad46-fe82891ac4e0___GH_HL Leaf 258.JPG,missing_or_ambiguous_leaf_group
tomato_healthy,c8c7cb85-d7eb-4d60-b90e-bfe5277b79ad___GH_HL Leaf 277.JPG,missing_or_ambiguous_leaf_group
tomato_healthy,ca4e96c1-9bf0-49fb-804f-c895905c0584___GH_HL Leaf 210.2.JPG,missing_or_ambiguous_leaf_group
tomato_healthy,ca6ad351-41f5-4893-8188-1c1c4b4184b4___GH_HL Leaf 496.4.JPG,missing_or_ambiguous_leaf_group
tomato_healthy,ca9e9564-bf57-4e2e-837f-a847db99a316___GH_HL Leaf 401.JPG,missing_or_ambiguous_leaf_group
tomato_healthy,caa60224-1c60-455e-8b7c-e73626af84c1___GH_HL Leaf 214.JPG,missing_or_ambiguous_leaf_group
tomato_healthy,cb602835-7f6d-4926-80b4-77fe22f7ff66___GH_HL Leaf 226.JPG,missing_or_ambiguous_leaf_group
tomato_healthy,cbb3f283-baaa-40b1-9e46-3414d8f74f99___GH_HL Leaf 231.1.JPG,missing_or_ambiguous_leaf_group
tomato_healthy,cbd86fc5-7f88-4984-a1ed-445de8b76573___GH_HL Leaf 354.1.JPG,missing_or_ambiguous_leaf_group
tomato_healthy,cc289e5c-7899-4081-9ea9-c3dc3ad3d2d4___GH_HL Leaf 408.1.JPG,missing_or_ambiguous_leaf_group
tomato_healthy,cc86c41e-9f5d-4b68-af29-a3e405edf69d___GH_HL Leaf 324.JPG,missing_or_ambiguous_leaf_group
tomato_healthy,ccfba9c3-41a5-40de-b71a-980bc3336ae7___GH_HL Leaf 522.2.JPG,missing_or_ambiguous_leaf_group
tomato_healthy,cd469bb3-30c8-4cad-9b4e-27c77a538dfa___GH_HL Leaf 392.JPG,missing_or_ambiguous_leaf_group
tomato_healthy,cd8d1ae6-2c8e-43ac-8314-77d88e1153c7___GH_HL Leaf 365.JPG,missing_or_ambiguous_leaf_group
tomato_healthy,ce9a5c21-e77d-4db4-baa3-d03c24e360b0___GH_HL Leaf 281.JPG,missing_or_ambiguous_leaf_group
tomato_healthy,cfd491d6-4af5-4728-8f0e-0d330a07174a___GH_HL Leaf 482.2.JPG,missing_or_ambiguous_leaf_group
tomato_healthy,d030352a-d87f-4ee2-a619-bc68d9896004___GH_HL Leaf 197.JPG,missing_or_ambiguous_leaf_group
tomato_healthy,d06e33fb-58bf-440f-9dbc-a1ceec9abaea___GH_HL Leaf 383.JPG,missing_or_ambiguous_leaf_group
tomato_healthy,d1750517-689b-4372-a717-6b81c0dd64b0___GH_HL Leaf 262.JPG,missing_or_ambiguous_leaf_group
tomato_healthy,d19a7818-769b-4633-bd09-5c3c20d2b4d1___GH_HL Leaf 172.JPG,missing_or_ambiguous_leaf_group
tomato_healthy,d21a242e-a9a3-4c5e-8e65-6416f84bcaec___GH_HL Leaf 510.2.JPG,missing_or_ambiguous_leaf_group
tomato_healthy,d2a7358e-6ba9-46ed-b5fd-5ba0fd1175f4___GH_HL Leaf 307.JPG,missing_or_ambiguous_leaf_group
tomato_healthy,d2ce7896-6fa4-45e6-96c5-d162da0e3e1c___GH_HL Leaf 220.JPG,missing_or_ambiguous_leaf_group
tomato_healthy,d30f0e3c-7246-455d-959c-6221eac22dfd___GH_HL Leaf 202.JPG,missing_or_ambiguous_leaf_group
tomato_healthy,d382d5de-6608-4492-a1eb-e4c525f8b3e4___GH_HL Leaf 461.JPG,missing_or_ambiguous_leaf_group
tomato_healthy,d3997d9d-f607-44f2-9473-b41db6b1116b___GH_HL Leaf 473.JPG,missing_or_ambiguous_leaf_group
tomato_healthy,d442075f-73bb-47a0-9545-9b36bca9300b___GH_HL Leaf 210.JPG,missing_or_ambiguous_leaf_group
tomato_healthy,d5633146-eac5-49e6-a6b4-8562aa7d1a1f___GH_HL Leaf 283.1.JPG,missing_or_ambiguous_leaf_group
tomato_healthy,d578b8cd-9a1c-434b-9507-17ced7dffb34___GH_HL Leaf 249.JPG,missing_or_ambiguous_leaf_group
tomato_healthy,d5beabbd-afc7-41c5-aa06-ec45c32e751e___GH_HL Leaf 289.1.JPG,missing_or_ambiguous_leaf_group
tomato_healthy,d688345e-4491-4f31-b2f4-d9111a12c2dd___GH_HL Leaf 288.JPG,missing_or_ambiguous_leaf_group
tomato_healthy,d750fda0-e49d-4160-a9da-8cf8e425034e___GH_HL Leaf 167.JPG,missing_or_ambiguous_leaf_group
tomato_healthy,d75ed8c7-610e-4abd-8a3a-a08993a92df3___GH_HL Leaf 323.2.JPG,missing_or_ambiguous_leaf_group
tomato_healthy,d76f5b4a-9205-4a14-9181-5d3add326231___GH_HL Leaf 447.JPG,missing_or_ambiguous_leaf_group
tomato_healthy,d80d474d-1d8a-4381-8960-db93b611b5c8___GH_HL Leaf 390.JPG,missing_or_ambiguous_leaf_group
tomato_healthy,d88b90c0-2850-425d-af82-7bfb0f6a9dd4___GH_HL Leaf 361.JPG,missing_or_ambiguous_leaf_group
tomato_healthy,d88e3218-6639-430b-a74b-6b7353b1b964___GH_HL Leaf 377.JPG,missing_or_ambiguous_leaf_group
tomato_healthy,d95cca34-6952-4d22-9d61-6304dcce3448___GH_HL Leaf 280.1.JPG,missing_or_ambiguous_leaf_group
tomato_healthy,d9974fa7-5337-4c75-af93-04828d6f503e___GH_HL Leaf 381.1.JPG,missing_or_ambiguous_leaf_group
tomato_healthy,d9bb47b1-fa25-49fb-9b30-df7a7db48f8d___GH_HL Leaf 290.JPG,missing_or_ambiguous_leaf_group
tomato_healthy,da34f406-4f46-480c-a63d-fb093a83e670___GH_HL Leaf 499.2.JPG,missing_or_ambiguous_leaf_group
tomato_healthy,da3e3bf7-80da-479b-99f1-f86f18d8a264___GH_HL Leaf 511.1.JPG,missing_or_ambiguous_leaf_group
tomato_healthy,daa4e664-5ec5-4349-b8de-0673cdfe374d___GH_HL Leaf 168.1.JPG,missing_or_ambiguous_leaf_group
tomato_healthy,db9db9c3-42af-4609-a30e-48e4797174c7___GH_HL Leaf 182.JPG,missing_or_ambiguous_leaf_group
tomato_healthy,dbbde73f-e630-4799-9a08-37bd5602f1b2___GH_HL Leaf 208.JPG,missing_or_ambiguous_leaf_group
tomato_healthy,dc3a13dc-a628-433f-a038-a3f377bc608e___GH_HL Leaf 422.JPG,missing_or_ambiguous_leaf_group
tomato_healthy,dca7fa13-14bd-4d24-abbf-1fe2e02eac7e___GH_HL Leaf 295.JPG,missing_or_ambiguous_leaf_group
tomato_healthy,dd311971-e56c-4305-805e-a011ecebd38b___GH_HL Leaf 432.JPG,missing_or_ambiguous_leaf_group
tomato_healthy,dd50e041-1df0-45e4-8ab7-126f0ae2b984___GH_HL Leaf 270.JPG,missing_or_ambiguous_leaf_group
tomato_healthy,dd7a8ade-2bc7-4b28-9e27-f823e8466a76___GH_HL Leaf 236.JPG,missing_or_ambiguous_leaf_group
tomato_healthy,dd7d8e47-35f8-4c97-900b-f095694c38ed___GH_HL Leaf 313.JPG,missing_or_ambiguous_leaf_group
tomato_healthy,de914baa-f72d-4cbf-a9fd-a60baf466e06___GH_HL Leaf 450.1.JPG,missing_or_ambiguous_leaf_group
tomato_healthy,debe033e-a878-46dc-8336-8bc25811df35___GH_HL Leaf 303.JPG,missing_or_ambiguous_leaf_group
tomato_healthy,df99e31e-11ab-49be-bd51-d1fda2667c76___GH_HL Leaf 458.JPG,missing_or_ambiguous_leaf_group
tomato_healthy,e020155a-f93a-496c-adc6-1810b4cea333___GH_HL Leaf 206.JPG,missing_or_ambiguous_leaf_group
tomato_healthy,e090d873-c435-4d1b-95dd-29f5a2f22a09___GH_HL Leaf 266.1.JPG,missing_or_ambiguous_leaf_group
tomato_healthy,e1571f83-5f00-4653-a176-2033f27405fa___GH_HL Leaf 353.JPG,missing_or_ambiguous_leaf_group
tomato_healthy,e1aeb847-e87b-4f24-aca7-c6e06b6c07ca___GH_HL Leaf 185.JPG,missing_or_ambiguous_leaf_group
tomato_healthy,e2085395-2d3c-4698-ad7f-da9fdc73c4d1___GH_HL Leaf 254.JPG,missing_or_ambiguous_leaf_group
tomato_healthy,e225eb60-d018-4014-a4f5-eadd0aad06ef___GH_HL Leaf 438.JPG,missing_or_ambiguous_leaf_group
tomato_healthy,e283f6ea-c756-47ca-ac84-57a38138b571___GH_HL Leaf 343.JPG,missing_or_ambiguous_leaf_group
tomato_healthy,e2991a66-412d-4841-8dc0-524e38338a82___GH_HL Leaf 517.1.JPG,missing_or_ambiguous_leaf_group
tomato_healthy,e2bd556e-fe0f-4a97-819c-83dbc4a61ac5___GH_HL Leaf 429.JPG,missing_or_ambiguous_leaf_group
tomato_healthy,e30f24b2-c298-4853-8fda-9e67b3738a55___GH_HL Leaf 287.JPG,missing_or_ambiguous_leaf_group
tomato_healthy,e33cde2d-5103-48aa-bb82-490aa779312c___GH_HL Leaf 515.2.JPG,missing_or_ambiguous_leaf_group
tomato_healthy,e36e5c2c-277b-4e8f-b12b-46df2e569c85___GH_HL Leaf 187.1.JPG,missing_or_ambiguous_leaf_group
tomato_healthy,e3b5600f-9c88-4060-826f-aa7c972c9325___GH_HL Leaf 291.JPG,missing_or_ambiguous_leaf_group
tomato_healthy,e531e3da-a55b-41a9-8700-3e163226bfb2___GH_HL Leaf 188.1.JPG,missing_or_ambiguous_leaf_group
tomato_healthy,e545c1a3-4e0a-4951-be42-4d41a14441d7___GH_HL Leaf 211.JPG,missing_or_ambiguous_leaf_group
tomato_healthy,e6584f1d-9338-4807-a2f2-8c0a70220c22___GH_HL Leaf 239.JPG,missing_or_ambiguous_leaf_group
tomato_healthy,e67fdf04-f0a3-4351-b65d-a1b7362fc032___GH_HL Leaf 304.1.JPG,missing_or_ambiguous_leaf_group
tomato_healthy,e6fdaad9-b536-46c3-a819-faf414cfbf47___GH_HL Leaf 500.2.JPG,missing_or_ambiguous_leaf_group
tomato_healthy,e73a233d-84c8-407a-aefa-8a3865450351___GH_HL Leaf 222.JPG,missing_or_ambiguous_leaf_group
tomato_healthy,e786ac89-29fe-47e3-b49e-b9a9ee7edd9d___GH_HL Leaf 342.1.JPG,missing_or_ambiguous_leaf_group
tomato_healthy,e7ca6603-d0c1-4bad-bc53-a45cfebb156f___GH_HL Leaf 355.1.JPG,missing_or_ambiguous_leaf_group
tomato_healthy,e7d07408-70bb-421d-9224-df4961a01cb9___GH_HL Leaf 509.1.JPG,missing_or_ambiguous_leaf_group
tomato_healthy,e8d0f3de-312b-4316-aca4-798a51ebd423___GH_HL Leaf 520.1.JPG,missing_or_ambiguous_leaf_group
tomato_healthy,e91d2c30-7a45-40db-b913-6714f9b89b1c___GH_HL Leaf 348.JPG,missing_or_ambiguous_leaf_group
tomato_healthy,e9392a5e-2fac-48c5-a23d-df3aa3f61048___GH_HL Leaf 217.JPG,missing_or_ambiguous_leaf_group
tomato_healthy,e95c13d4-9ba6-452e-b53c-03007f575401___GH_HL Leaf 320.JPG,missing_or_ambiguous_leaf_group
tomato_healthy,e969c25d-8cc4-4730-a65b-330cd4d38c9a___GH_HL Leaf 427.JPG,missing_or_ambiguous_leaf_group
tomato_healthy,e9f45c75-db52-4a85-ab72-0b9adf1f047b___GH_HL Leaf 480.1.JPG,missing_or_ambiguous_leaf_group
tomato_healthy,ea0a8316-361e-4224-a700-5b86a8b93774___GH_HL Leaf 209.JPG,missing_or_ambiguous_leaf_group
tomato_healthy,eab401a8-c014-4a63-98d4-b6144cfc7bc9___GH_HL Leaf 289.JPG,missing_or_ambiguous_leaf_group
tomato_healthy,eb047146-6e86-44bf-a9b5-f668cb2f301b___GH_HL Leaf 225.1.JPG,missing_or_ambiguous_leaf_group
tomato_healthy,eb0b95d9-4012-494c-85b6-48f7e250c958___GH_HL Leaf 404.JPG,missing_or_ambiguous_leaf_group
tomato_healthy,eb2c25bd-b896-45f1-b3a2-7ca6b78c219d___GH_HL Leaf 351.JPG,missing_or_ambiguous_leaf_group
tomato_healthy,eb4c170f-af95-48f6-a5da-7e23da76a8e7___GH_HL Leaf 247.1.JPG,missing_or_ambiguous_leaf_group
tomato_healthy,ec1137c0-ec94-4d00-aabd-97bb603f94c4___GH_HL Leaf 407.JPG,missing_or_ambiguous_leaf_group
tomato_healthy,ecf64cfc-d521-48af-bb48-06edc78074c5___GH_HL Leaf 323.JPG,missing_or_ambiguous_leaf_group
tomato_healthy,edbb09c6-f6e6-4ce4-ac38-e4fa0b96f4c0___GH_HL Leaf 251.JPG,missing_or_ambiguous_leaf_group
tomato_healthy,edd71d50-a50f-4f36-af69-6c9df7c040af___GH_HL Leaf 484.1.JPG,missing_or_ambiguous_leaf_group
tomato_healthy,ee0dd8c0-8db2-4eff-8e4d-76cb146f2b34___GH_HL Leaf 166.2.JPG,missing_or_ambiguous_leaf_group
tomato_healthy,ee83a3b8-911e-455e-be06-20583bfb6b74___GH_HL Leaf 451.JPG,missing_or_ambiguous_leaf_group
tomato_healthy,ef23fd72-1367-41c5-820f-c89533ad258e___GH_HL Leaf 303.1.JPG,missing_or_ambiguous_leaf_group
tomato_healthy,ef55e589-0ad8-4602-be35-e0ee6aa33b8a___GH_HL Leaf 300.JPG,missing_or_ambiguous_leaf_group
tomato_healthy,f0cc7028-bf33-4ed4-8df0-7f1e80f42d15___GH_HL Leaf 266.JPG,missing_or_ambiguous_leaf_group
tomato_healthy,f163df8f-6510-4520-82ee-779d2679af33___GH_HL Leaf 422.2.JPG,missing_or_ambiguous_leaf_group
tomato_healthy,f1b0ad53-6f2a-44bd-9f58-da590c9cdde2___GH_HL Leaf 371.JPG,missing_or_ambiguous_leaf_group
tomato_healthy,f2b8486a-71c9-43e2-8eb6-36476905dd40___GH_HL Leaf 346.JPG,missing_or_ambiguous_leaf_group
tomato_healthy,f2f5162b-7cc7-4315-8692-d1eaab98c554___GH_HL Leaf 507.2.JPG,missing_or_ambiguous_leaf_group
tomato_healthy,f3bc0c64-2d60-4031-b696-66a313460663___GH_HL Leaf 517.4.JPG,missing_or_ambiguous_leaf_group
tomato_healthy,f433b7ce-cddb-4f22-8b0f-2376789c45f1___GH_HL Leaf 337.JPG,missing_or_ambiguous_leaf_group
tomato_healthy,f437a6f0-4c35-4d6b-8eaa-ca57f18fad53___GH_HL Leaf 229.JPG,missing_or_ambiguous_leaf_group
tomato_healthy,f44c5128-2575-4fda-82c7-9954ead65027___GH_HL Leaf 384.JPG,missing_or_ambiguous_leaf_group
tomato_healthy,f48aed97-8db4-40a5-aa39-e2c3c70fe8be___GH_HL Leaf 524.1.JPG,missing_or_ambiguous_leaf_group
tomato_healthy,f54a5053-dca2-4460-bd8d-27be3eb1e9b4___GH_HL Leaf 495.1.JPG,missing_or_ambiguous_leaf_group
tomato_healthy,f62d9b06-1625-4277-9347-0f3097c41fcf___GH_HL Leaf 518.2.JPG,missing_or_ambiguous_leaf_group
tomato_healthy,f65afb75-30bc-4d44-adbd-d262ebe07ad5___GH_HL Leaf 222.1.JPG,missing_or_ambiguous_leaf_group
tomato_healthy,f7d044c0-6900-4624-9c20-fa27aa0911ff___GH_HL Leaf 275.JPG,missing_or_ambiguous_leaf_group
tomato_healthy,f7df2411-8e50-46e1-b43a-cca357bee1af___GH_HL Leaf 521.1.JPG,missing_or_ambiguous_leaf_group
tomato_healthy,f9546cff-061d-4240-88ba-492272a92847___GH_HL Leaf 176.2.JPG,missing_or_ambiguous_leaf_group
tomato_healthy,fb084c48-8c42-43a1-8193-191ba873bd2d___GH_HL Leaf 514.1.JPG,missing_or_ambiguous_leaf_group
tomato_healthy,fb4ce6df-613b-4d52-8e11-28dfa448a5e1___GH_HL Leaf 483.JPG,missing_or_ambiguous_leaf_group
tomato_healthy,fc5d1b1e-a225-463a-ab66-ab8f3dbf1861___GH_HL Leaf 363.JPG,missing_or_ambiguous_leaf_group
tomato_healthy,fccb58ad-1644-403e-851b-dd3a27c893ef___GH_HL Leaf 387.1.JPG,missing_or_ambiguous_leaf_group
tomato_healthy,fd061d12-644d-4ac5-a0b5-2e88469e506b___GH_HL Leaf 414.JPG,missing_or_ambiguous_leaf_group
tomato_healthy,fd2fa9cc-2147-40ff-9e71-0056eb7884ed___GH_HL Leaf 285.JPG,missing_or_ambiguous_leaf_group
tomato_healthy,fda63621-b0eb-4938-8ec4-8afffc81ddd6___GH_HL Leaf 268.JPG,missing_or_ambiguous_leaf_group
tomato_healthy,fde29807-8223-4fc5-a06b-7cc93101a6d1___GH_HL Leaf 174.JPG,missing_or_ambiguous_leaf_group
tomato_healthy,fe0b76dc-4263-4cda-8840-310ebe72a432___GH_HL Leaf 490.JPG,missing_or_ambiguous_leaf_group
tomato_healthy,fe0e2d7f-3aee-4c36-8fe1-661b4eacc994___GH_HL Leaf 507.1.JPG,missing_or_ambiguous_leaf_group
tomato_healthy,fe28e4c7-0c35-4f52-984e-0e60f33a2c6e___GH_HL Leaf 198.JPG,missing_or_ambiguous_leaf_group
tomato_healthy,fe8f8808-2631-491e-a46b-bd2a1a4958e7___GH_HL Leaf 213.1.JPG,missing_or_ambiguous_leaf_group
tomato_healthy,ff354b62-5981-43d1-8cfe-ac58bc20ca20___GH_HL Leaf 221.JPG,missing_or_ambiguous_leaf_group
tomato_septoria,002533c1-722b-44e5-9d2e-91f7747b2543___Keller.St_CG 1831.JPG,missing_or_ambiguous_leaf_group
tomato_septoria,00f16858-f392-4d9e-ad9f-efab8049a13f___JR_Sept.L.S 8368.JPG,missing_or_ambiguous_leaf_group
tomato_septoria,015c2613-fb1c-4f31-88f1-c7e5be9ddc97___JR_Sept.L.S 8431.JPG,missing_or_ambiguous_leaf_group
tomato_septoria,0176f68f-a3d8-473b-9bea-c075a5507b34___JR_Sept.L.S 2504.JPG,missing_or_ambiguous_leaf_group
tomato_septoria,021f9747-f308-4694-859b-10f541a0e63c___JR_Sept.L.S 2506.JPG,missing_or_ambiguous_leaf_group
tomato_septoria,026c9801-8f0c-41b6-adfe-12704eafa73d___Keller.St_CG 1939.JPG,missing_or_ambiguous_leaf_group
tomato_septoria,029c0186-56f1-41de-bb6b-3743bdfb10ee___JR_Sept.L.S 8562.JPG,missing_or_ambiguous_leaf_group
tomato_septoria,02b079eb-8c74-42bf-b956-d3aecdb9d4ad___JR_Sept.L.S 8522.JPG,missing_or_ambiguous_leaf_group
tomato_septoria,03611d8a-1664-4d1a-8d9b-7dc3e1a302cc___Keller.St_CG 1945.JPG,missing_or_ambiguous_leaf_group
tomato_septoria,041684a2-1a2c-430f-ab09-b17293f015bc___JR_Sept.L.S 8400.JPG,missing_or_ambiguous_leaf_group
tomato_septoria,046a86f0-bdae-438b-9c1f-b840c706f409___JR_Sept.L.S 8530.JPG,missing_or_ambiguous_leaf_group
tomato_septoria,04840559-16ed-4f17-908b-2048ba83ab80___Keller.St_CG 1780.JPG,missing_or_ambiguous_leaf_group
tomato_septoria,04c912dc-3e26-43ff-a6e3-69de49a6e529___JR_Sept.L.S 8519.JPG,missing_or_ambiguous_leaf_group
tomato_septoria,04eb9fee-df68-4917-a639-d68e12c08bbc___JR_Sept.L.S 8475.JPG,missing_or_ambiguous_leaf_group
tomato_septoria,0501db9a-3dfd-492b-974a-e1dd30991ad5___Keller.St_CG 1918.JPG,missing_or_ambiguous_leaf_group
tomato_septoria,057115de-0a9b-4e3a-b98f-7ba3ce174b8f___Keller.St_CG 1800.JPG,missing_or_ambiguous_leaf_group
tomato_septoria,06225525-413e-411b-a503-85e8dc6050a8___JR_Sept.L.S 8351.JPG,missing_or_ambiguous_leaf_group
tomato_septoria,0650f176-add9-444e-893e-707969054a43___JR_Sept.L.S 2722.JPG,missing_or_ambiguous_leaf_group
tomato_septoria,066b2772-c513-403b-9550-26def3b79ec3___JR_Sept.L.S 2497.JPG,missing_or_ambiguous_leaf_group
tomato_septoria,0745df82-cfd3-498c-add3-1a4d20f281b2___JR_Sept.L.S 8430.JPG,missing_or_ambiguous_leaf_group
tomato_septoria,07679a50-9d8d-4612-80f4-464785781d56___JR_Sept.L.S 2727.JPG,missing_or_ambiguous_leaf_group
tomato_septoria,076b6071-1ce2-4ed1-9dcf-077dcd7640e4___JR_Sept.L.S 2468.JPG,missing_or_ambiguous_leaf_group
tomato_septoria,07dd57ec-cbf0-4fc1-b680-6b3226da51e4___JR_Sept.L.S 8524.JPG,missing_or_ambiguous_leaf_group
tomato_septoria,08233234-a3af-4040-8814-eb13f89802dd___Keller.St_CG 2009.JPG,missing_or_ambiguous_leaf_group
tomato_septoria,08e2c0d9-5e08-4845-b456-3cce0599b767___Keller.St_CG 1977.JPG,missing_or_ambiguous_leaf_group
tomato_septoria,09033832-a345-408c-823e-a4081d7fbbf4___JR_Sept.L.S 8523.JPG,missing_or_ambiguous_leaf_group
tomato_septoria,092bc641-e271-4bf6-bbe7-451fd3ffc6f1___JR_Sept.L.S 8484.JPG,missing_or_ambiguous_leaf_group
tomato_septoria,09332ad5-89d0-4ce9-84de-6bca4f10bf16___Keller.St_CG 1953.JPG,missing_or_ambiguous_leaf_group
tomato_septoria,099a68fb-a30b-48b6-99ae-908449e48950___JR_Sept.L.S 2691.JPG,missing_or_ambiguous_leaf_group
tomato_septoria,09db4c01-a966-4482-a591-f5e2c19177b7___Keller.St_CG 1820.JPG,missing_or_ambiguous_leaf_group
tomato_septoria,09dbdbad-6b02-45a8-a1d3-86cebfd1320d___Keller.St_CG 1799.JPG,missing_or_ambiguous_leaf_group
tomato_septoria,0a5edec2-e297-4a25-86fc-78f03772c100___JR_Sept.L.S 8468.JPG,missing_or_ambiguous_leaf_group
tomato_septoria,0a68a294-30d1-4422-ab7e-a1909ec277f7___JR_Sept.L.S 8443.JPG,missing_or_ambiguous_leaf_group
tomato_septoria,0a95b5b7-7bfb-4201-9320-dae33498081a___JR_Sept.L.S 2482.JPG,missing_or_ambiguous_leaf_group
tomato_septoria,0aa486df-97b6-4764-89a9-d193e16aabbb___Keller.St_CG 1931.JPG,missing_or_ambiguous_leaf_group
tomato_septoria,0ab271a7-765e-4675-8bfc-e249c0c86fdd___Keller.St_CG 1778.JPG,missing_or_ambiguous_leaf_group
tomato_septoria,0af9f990-ad92-4411-8623-4498ca4805ce___Keller.St_CG 1942.JPG,missing_or_ambiguous_leaf_group
tomato_septoria,0b4886e5-a065-44c1-aa19-bd166922d3de___JR_Sept.L.S 8498.JPG,missing_or_ambiguous_leaf_group
tomato_septoria,0c1aa7e5-a820-4fb8-8bc2-623a6056e749___JR_Sept.L.S 2659.JPG,missing_or_ambiguous_leaf_group
tomato_septoria,0cba2d69-c73b-472b-9fc1-beca9b3f02a0___JR_Sept.L.S 8369.JPG,missing_or_ambiguous_leaf_group
tomato_septoria,0d12d6ee-bc90-413e-8638-e476cd8ba8ee___Keller.St_CG 1840.JPG,missing_or_ambiguous_leaf_group
tomato_septoria,0d1ab917-ea01-43d7-8a63-232bffcfbb08___Keller.St_CG 1769.JPG,missing_or_ambiguous_leaf_group
tomato_septoria,0d8187e2-00e2-40e7-b1a5-c94db561057c___JR_Sept.L.S 8439.JPG,missing_or_ambiguous_leaf_group
tomato_septoria,0df95a30-e5bd-4fec-8271-c2de4e79a7e7___Keller.St_CG 1978.JPG,missing_or_ambiguous_leaf_group
tomato_septoria,0ea612c0-8416-4771-a8bb-d5d255800f94___JR_Sept.L.S 8533.JPG,missing_or_ambiguous_leaf_group
tomato_septoria,0ef9804e-d695-40e4-8950-08551255fa05___JR_Sept.L.S 8540.JPG,missing_or_ambiguous_leaf_group
tomato_septoria,10bbb1a5-c5d5-4500-959c-4818a787e5ec___Keller.St_CG 1975.JPG,missing_or_ambiguous_leaf_group
tomato_septoria,1142c61e-5959-43fd-8745-fc95bc0b1b5f___JR_Sept.L.S 8378.JPG,missing_or_ambiguous_leaf_group
tomato_septoria,115872f2-53a2-4ed9-a394-01882a0d30db___Keller.St_CG 1914.JPG,missing_or_ambiguous_leaf_group
tomato_septoria,129fba33-b39b-4c74-b45f-4e602eb7af20___Keller.St_CG 1837.JPG,missing_or_ambiguous_leaf_group
tomato_septoria,12ffa141-6b58-417e-9f71-bdff69518f6b___JR_Sept.L.S 2573.JPG,missing_or_ambiguous_leaf_group
tomato_septoria,131407de-62dc-44bf-81c8-b0c4c173df9e___JR_Sept.L.S 2726.JPG,missing_or_ambiguous_leaf_group
tomato_septoria,13cc7d11-275b-44c2-977f-cef792d827ed___Keller.St_CG 2000.JPG,missing_or_ambiguous_leaf_group
tomato_septoria,145dca9b-2a53-42a9-bc14-5089ff8cd5ed___JR_Sept.L.S 2643.JPG,missing_or_ambiguous_leaf_group
tomato_septoria,1469ba5d-2d15-4089-a7a2-762a4a43bdbd___JR_Sept.L.S 8452.JPG,missing_or_ambiguous_leaf_group
tomato_septoria,149aa8aa-980e-443e-8910-d31d65d86872___JR_Sept.L.S 2616.JPG,missing_or_ambiguous_leaf_group
tomato_septoria,14af00c3-f76a-4789-b58b-049bbf8ea6a6___JR_Sept.L.S 2633.JPG,missing_or_ambiguous_leaf_group
tomato_septoria,14c31d28-ae56-42b8-9ff7-9012d414b74f___Keller.St_CG 1847.JPG,missing_or_ambiguous_leaf_group
tomato_septoria,15a7cf58-3dd6-415e-a4e1-ec825aba252d___JR_Sept.L.S 8472.JPG,missing_or_ambiguous_leaf_group
tomato_septoria,15d71360-3708-4fef-bdee-fa01345478c8___JR_Sept.L.S 2478.JPG,missing_or_ambiguous_leaf_group
tomato_septoria,169fe6b6-952f-45d3-a313-b3df3a357f5c___JR_Sept.L.S 2490.JPG,missing_or_ambiguous_leaf_group
tomato_septoria,17387441-89a3-4172-8195-fae50dba7a58___JR_Sept.L.S 2514.JPG,missing_or_ambiguous_leaf_group
tomato_septoria,17579194-bf69-46cc-881d-6fa6ee2b0576___JR_Sept.L.S 8474.JPG,missing_or_ambiguous_leaf_group
tomato_septoria,1764aae7-ae4b-45f9-b364-23cd799cee12___JR_Sept.L.S 8458.JPG,missing_or_ambiguous_leaf_group
tomato_septoria,177caa36-f976-4c64-8098-25fba2a4038f___Keller.St_CG 1787.JPG,missing_or_ambiguous_leaf_group
tomato_septoria,17c253ff-3f0e-4fb3-8ced-00b6ec6dc731___JR_Sept.L.S 2546.JPG,missing_or_ambiguous_leaf_group
tomato_septoria,17c7e5bd-f44e-4dbd-9cd0-f0dbcc654306___JR_Sept.L.S 8557.JPG,missing_or_ambiguous_leaf_group
tomato_septoria,18f7f428-70e1-42d2-be8f-44e0dab35e17___JR_Sept.L.S 2648.JPG,missing_or_ambiguous_leaf_group
tomato_septoria,1a2ce36b-89e9-43ea-9e54-b2da024c08fc___JR_Sept.L.S 8532.JPG,missing_or_ambiguous_leaf_group
tomato_septoria,1a3965e0-423a-4003-ae8d-2fb639d02008___JR_Sept.L.S 8449.JPG,missing_or_ambiguous_leaf_group
tomato_septoria,1ad425d4-caa9-44da-b99f-a951fda7ec94___Keller.St_CG 1835.JPG,missing_or_ambiguous_leaf_group
tomato_septoria,1b6fd6e2-8917-473f-9c8c-b14f639e13a9___JR_Sept.L.S 2709.JPG,missing_or_ambiguous_leaf_group
tomato_septoria,1bdd9bcf-49b6-4a59-90ed-5e053de56994___JR_Sept.L.S 2587.JPG,missing_or_ambiguous_leaf_group
tomato_septoria,1c7bc7c5-daec-45bd-beb9-89beb159c755___Keller.St_CG 2018.JPG,missing_or_ambiguous_leaf_group
tomato_septoria,1c85a28a-19b9-487a-b9e4-0e6d7c08e4a8___Keller.St_CG 1771.JPG,missing_or_ambiguous_leaf_group
tomato_septoria,1da58848-43c5-44ce-974e-bdd0b3c6e7d5___JR_Sept.L.S 8363.JPG,missing_or_ambiguous_leaf_group
tomato_septoria,1e427d73-cd81-4476-9427-4854a10ea894___JR_Sept.L.S 2689.JPG,missing_or_ambiguous_leaf_group
tomato_septoria,1e8f411c-7f6b-42c0-8c84-70486b6c91d1___Keller.St_CG 1824.JPG,missing_or_ambiguous_leaf_group
tomato_septoria,1ea484d8-6ebf-4d95-81b1-1c7f78e92015___JR_Sept.L.S 8425.JPG,missing_or_ambiguous_leaf_group
tomato_septoria,1eb51af9-a622-4f97-a47b-b7474771d414___JR_Sept.L.S 2455.JPG,missing_or_ambiguous_leaf_group
tomato_septoria,1f01e6fc-e4a2-4f40-bd17-bb3852cef631___Keller.St_CG 1825.JPG,missing_or_ambiguous_leaf_group
tomato_septoria,1f6955e1-0c57-45ef-a769-8578aa3425d6___JR_Sept.L.S 8502.JPG,missing_or_ambiguous_leaf_group
tomato_septoria,1f755e56-f38f-44ef-8076-d82c302c4539___JR_Sept.L.S 8407.JPG,missing_or_ambiguous_leaf_group
tomato_septoria,1f7fb33a-b74e-465c-ac76-8c3866931a3d___Keller.St_CG 2011.JPG,missing_or_ambiguous_leaf_group
tomato_septoria,1fea28dc-c071-4373-af8c-97e8d0646044___JR_Sept.L.S 2596.JPG,missing_or_ambiguous_leaf_group
tomato_septoria,1fef5339-704d-456a-a7b8-85014c9c8600___JR_Sept.L.S 8489.JPG,missing_or_ambiguous_leaf_group
tomato_septoria,2003cfd2-132f-4763-8324-2c52541c05eb___JR_Sept.L.S 2486.JPG,missing_or_ambiguous_leaf_group
tomato_septoria,20c3bfbf-a2c7-425c-9ad7-bd1ec8f3b181___JR_Sept.L.S 2656.JPG,missing_or_ambiguous_leaf_group
tomato_septoria,211aafec-c358-4573-abe9-72eb49936ba5___JR_Sept.L.S 8558.JPG,missing_or_ambiguous_leaf_group
tomato_septoria,212c8703-4c56-4c2b-a1d0-1047a758ca93___Keller.St_CG 1786.JPG,missing_or_ambiguous_leaf_group
tomato_septoria,2139cc43-0f52-4782-9966-059e4538b624___JR_Sept.L.S 2653.JPG,missing_or_ambiguous_leaf_group
tomato_septoria,2142a16f-dd81-4045-8ea8-1bb853595821___JR_Sept.L.S 2523.JPG,missing_or_ambiguous_leaf_group
tomato_septoria,215cf2c7-52ad-42ab-bed5-09269c51e63d___Keller.St_CG 1801.JPG,missing_or_ambiguous_leaf_group
tomato_septoria,2258389b-40c1-4d0e-9675-d7ea31239390___JR_Sept.L.S 8436.JPG,missing_or_ambiguous_leaf_group
tomato_septoria,22709956-4b66-48a8-a03b-e82f095153ba___JR_Sept.L.S 2491.JPG,missing_or_ambiguous_leaf_group
tomato_septoria,22b43447-5aed-4a33-ba5c-d422d6f6bbce___JR_Sept.L.S 8421.JPG,missing_or_ambiguous_leaf_group
tomato_septoria,231f9534-833a-48b3-9da1-d3c4be1747e9___JR_Sept.L.S 2475.JPG,missing_or_ambiguous_leaf_group
tomato_septoria,233aef94-2a7c-4a66-bcd9-8171630a57fa___JR_Sept.L.S 2608.JPG,missing_or_ambiguous_leaf_group
tomato_septoria,2365ce1e-195c-4cf9-a38d-927f0faa489a___JR_Sept.L.S 2725.JPG,missing_or_ambiguous_leaf_group
tomato_septoria,249ab309-d471-409d-a4ea-e82d74709c6e___JR_Sept.L.S 8552.JPG,missing_or_ambiguous_leaf_group
tomato_septoria,24d02979-1bba-4ecf-965f-756e41d6bb90___JR_Sept.L.S 8347.JPG,missing_or_ambiguous_leaf_group
tomato_septoria,24e690fe-3696-49c3-ae2d-7ea5dd4aeb48___JR_Sept.L.S 2466.JPG,missing_or_ambiguous_leaf_group
tomato_septoria,25b6cc2a-d883-4e3f-9caa-738e5ec35e30___JR_Sept.L.S 8465.JPG,missing_or_ambiguous_leaf_group
tomato_septoria,25f7a39f-7fef-4f5d-af4f-cf21934f516a___JR_Sept.L.S 2493.JPG,missing_or_ambiguous_leaf_group
tomato_septoria,261666dc-32fb-43b2-93db-efc28e296df4___JR_Sept.L.S 8491.JPG,missing_or_ambiguous_leaf_group
tomato_septoria,263f010b-28f0-493b-a5c2-099405b3a117___Keller.St_CG 1895.JPG,missing_or_ambiguous_leaf_group
tomato_septoria,2698f5c0-5364-477f-a33d-4e32236a43e3___JR_Sept.L.S 2467.JPG,missing_or_ambiguous_leaf_group
tomato_septoria,2741b105-dacf-4ed8-bedf-4fc395f8947c___Keller.St_CG 1943.JPG,missing_or_ambiguous_leaf_group
tomato_septoria,27c7ab66-e5fe-477e-8aab-4ece72a04843___JR_Sept.L.S 8432.JPG,missing_or_ambiguous_leaf_group
tomato_septoria,27cce771-b14a-4c4c-a910-4751fb2eb9d1___JR_Sept.L.S 8352.JPG,missing_or_ambiguous_leaf_group
tomato_septoria,281da113-7611-44bf-9df7-b742fcbce900___JR_Sept.L.S 8568.JPG,missing_or_ambiguous_leaf_group
tomato_septoria,286a4fc5-4657-472f-bcbe-dbf38e94bb8e___JR_Sept.L.S 8417.JPG,missing_or_ambiguous_leaf_group
tomato_septoria,289314a0-89cc-423e-8aad-18fb13b57059___JR_Sept.L.S 8409.JPG,missing_or_ambiguous_leaf_group
tomato_septoria,28ac876e-4b48-4486-b40a-d4fad31f6880___Keller.St_CG 1805.JPG,missing_or_ambiguous_leaf_group
tomato_septoria,28ca18e3-f052-4f70-be05-022fc662a641___JR_Sept.L.S 2651.JPG,missing_or_ambiguous_leaf_group
tomato_septoria,293f044e-b3e0-452b-aaf3-54e24f137cf1___JR_Sept.L.S 2646.JPG,missing_or_ambiguous_leaf_group
tomato_septoria,2967e646-0a62-4db8-a568-57c1e14c93b5___JR_Sept.L.S 8428.JPG,missing_or_ambiguous_leaf_group
tomato_septoria,296f4660-5675-43b8-8b1f-20e8e9b228b7___JR_Sept.L.S 2612.JPG,missing_or_ambiguous_leaf_group
tomato_septoria,2987271e-1fdf-4e7c-9c88-bbb4a50b98d3___JR_Sept.L.S 2525.JPG,missing_or_ambiguous_leaf_group
tomato_septoria,2996fe86-51c4-4ded-b7a4-4f0905247394___Keller.St_CG 1841.JPG,missing_or_ambiguous_leaf_group
tomato_septoria,2a2b0821-26eb-4322-a603-1ba569b9de98___JR_Sept.L.S 8513.JPG,missing_or_ambiguous_leaf_group
tomato_septoria,2a7760ee-1b7c-437d-8f47-b6a65c6a3d9c___JR_Sept.L.S 2569.JPG,missing_or_ambiguous_leaf_group
tomato_septoria,2a803f39-ff07-4e5d-aabc-4941aaa81472___JR_Sept.L.S 2458.JPG,missing_or_ambiguous_leaf_group
tomato_septoria,2aeb1e96-7755-4378-b423-2f2116e56db6___JR_Sept.L.S 2570.JPG,missing_or_ambiguous_leaf_group
tomato_septoria,2b526b63-b759-4187-ab73-ce49ebb07191___JR_Sept.L.S 2681.JPG,missing_or_ambiguous_leaf_group
tomato_septoria,2b63b39d-7d3b-4421-9d68-b81b0862977b___Keller.St_CG 2025.JPG,missing_or_ambiguous_leaf_group
tomato_septoria,2c032ba1-d4fa-4a66-be5e-9e43a28ffbb9___JR_Sept.L.S 2701.JPG,missing_or_ambiguous_leaf_group
tomato_septoria,2c14cebf-97c1-4ee4-a247-f9e181234319___JR_Sept.L.S 2563.JPG,missing_or_ambiguous_leaf_group
tomato_septoria,2c6932ac-9d51-4af0-93a9-89b639fb9c12___Keller.St_CG 1920.JPG,missing_or_ambiguous_leaf_group
tomato_septoria,2c83508f-bec1-4962-add3-f16cf5620193___Keller.St_CG 1926.JPG,missing_or_ambiguous_leaf_group
tomato_septoria,2ca0f649-659c-458d-aaed-d51529372633___Keller.St_CG 1888.JPG,missing_or_ambiguous_leaf_group
tomato_septoria,2cb00d76-a875-4c94-a383-6e55534d1506___JR_Sept.L.S 8507.JPG,missing_or_ambiguous_leaf_group
tomato_septoria,2cbfb4e3-8327-470f-91b1-4b7c3823b1f1___Keller.St_CG 1909.JPG,missing_or_ambiguous_leaf_group
tomato_septoria,2cc68344-7fcb-49cc-8a1b-5c956696dd4c___JR_Sept.L.S 2673.JPG,missing_or_ambiguous_leaf_group
tomato_septoria,2d3f0833-4493-456b-a333-610ec35c92d0___JR_Sept.L.S 2705.JPG,missing_or_ambiguous_leaf_group
tomato_septoria,2d640131-6b73-4b67-bb77-00266ff41bb8___JR_Sept.L.S 8531.JPG,missing_or_ambiguous_leaf_group
tomato_septoria,2dd57351-b1c3-43c0-a15c-506bab1e803f___JR_Sept.L.S 2507.JPG,missing_or_ambiguous_leaf_group
tomato_septoria,2e147de4-c279-492b-93ef-affbe2e3e6ea___Keller.St_CG 1770.JPG,missing_or_ambiguous_leaf_group
tomato_septoria,2e679a03-6f3e-45f9-a567-7ecc4a631d76___Keller.St_CG 1907.JPG,missing_or_ambiguous_leaf_group
tomato_septoria,2e69e7bc-a60d-43b4-84f9-637c90eb71bb___JR_Sept.L.S 8538.JPG,missing_or_ambiguous_leaf_group
tomato_septoria,2e9928ec-5f57-4587-bbc3-18e30d2938e3___JR_Sept.L.S 8373.JPG,missing_or_ambiguous_leaf_group
tomato_septoria,2ee8fa50-545b-4de2-9b26-6af401c46ede___JR_Sept.L.S 2696.JPG,missing_or_ambiguous_leaf_group
tomato_septoria,2f161206-d4aa-4e2a-a0a5-96213d42198d___JR_Sept.L.S 2589.JPG,missing_or_ambiguous_leaf_group
tomato_septoria,2f8bcf08-19de-4aa3-a60d-fa6593a53359___JR_Sept.L.S 2679.JPG,missing_or_ambiguous_leaf_group
tomato_septoria,3074b681-d17e-4c2d-85a0-6e5d207aa888___JR_Sept.L.S 8516.JPG,missing_or_ambiguous_leaf_group
tomato_septoria,307e5715-9790-4321-af40-17209eafc1a6___JR_Sept.L.S 8372.JPG,missing_or_ambiguous_leaf_group
tomato_septoria,30a9a5c1-95e3-4773-befd-fe75a0268855___Keller.St_CG 2041.JPG,missing_or_ambiguous_leaf_group
tomato_septoria,31762015-58df-4fd1-a50d-25710877bbad___JR_Sept.L.S 2480.JPG,missing_or_ambiguous_leaf_group
tomato_septoria,318530ca-975c-482f-b3cf-bdf6435f09d1___JR_Sept.L.S 8510.JPG,missing_or_ambiguous_leaf_group
tomato_septoria,321a737f-773e-47ec-adb6-5f084d74adfb___Keller.St_CG 1994.JPG,missing_or_ambiguous_leaf_group
tomato_septoria,32839ce2-35bd-4352-9d5d-1c4c6713cd9b___JR_Sept.L.S 8405.JPG,missing_or_ambiguous_leaf_group
tomato_septoria,3287491a-0971-4fc4-bbdf-c5f8bd8cb224___JR_Sept.L.S 8508.JPG,missing_or_ambiguous_leaf_group
tomato_septoria,32acbdf3-0c99-4a5d-b40e-f5dd906ba4ec___JR_Sept.L.S 2494.JPG,missing_or_ambiguous_leaf_group
tomato_septoria,32b2bf97-2a8a-41dd-9889-a1e79cddd33e___Keller.St_CG 2042.JPG,missing_or_ambiguous_leaf_group
tomato_septoria,32ba0937-33b8-4f11-b337-f2c31f7ead30___JR_Sept.L.S 2680.JPG,missing_or_ambiguous_leaf_group
tomato_septoria,333d8c10-b9ba-4942-9589-a8d7f6845983___Keller.St_CG 1809.JPG,missing_or_ambiguous_leaf_group
tomato_septoria,33730016-a830-406f-b969-c50f70adf1df___JR_Sept.L.S 2530.JPG,missing_or_ambiguous_leaf_group
tomato_septoria,33955624-749a-442a-bf18-6d7a21130d72___JR_Sept.L.S 8398.JPG,missing_or_ambiguous_leaf_group
tomato_septoria,33d92d50-0cc0-431a-8a8c-a6c48cc42873___Keller.St_CG 2020.JPG,missing_or_ambiguous_leaf_group
tomato_septoria,33da87e2-f2c6-4a99-bc3c-279f47120681___JR_Sept.L.S 2667.JPG,missing_or_ambiguous_leaf_group
tomato_septoria,340c2c01-e27d-4af6-b19b-ed292e0a09ee___JR_Sept.L.S 8355.JPG,missing_or_ambiguous_leaf_group
tomato_septoria,342ec112-3d10-46a5-ae05-929974059845___JR_Sept.L.S 8435.JPG,missing_or_ambiguous_leaf_group
tomato_septoria,35624b1d-4848-4ccc-8554-76cc8f37fb34___JR_Sept.L.S 2599.JPG,missing_or_ambiguous_leaf_group
tomato_septoria,35733fa2-2d61-44a9-9c44-815e5b0e169e___Keller.St_CG 1793.JPG,missing_or_ambiguous_leaf_group
tomato_septoria,36929b20-0c26-4fb0-87d9-db47d3b2553f___Keller.St_CG 1902.JPG,missing_or_ambiguous_leaf_group
tomato_septoria,36942c3f-7a37-46fd-9f47-7f1da66da785___JR_Sept.L.S 8504.JPG,missing_or_ambiguous_leaf_group
tomato_septoria,36bb4cfa-4245-4578-bdb3-bce9170d833e___JR_Sept.L.S 8387.JPG,missing_or_ambiguous_leaf_group
tomato_septoria,36d0b778-94d1-4475-a513-d0611131a996___Keller.St_CG 1892.JPG,missing_or_ambiguous_leaf_group
tomato_septoria,36dd8cd2-dd26-40a2-b25c-f4ce6d94f6be___Keller.St_CG 1845.JPG,missing_or_ambiguous_leaf_group
tomato_septoria,36ffef9d-4f3f-44df-bf6c-1636efcba224___Keller.St_CG 1812.JPG,missing_or_ambiguous_leaf_group
tomato_septoria,3764603c-7343-4eb1-9698-5b709f5a6369___JR_Sept.L.S 2561.JPG,missing_or_ambiguous_leaf_group
tomato_septoria,3812fd82-b846-4257-92b6-ee73eb90edc1___Keller.St_CG 2013.JPG,missing_or_ambiguous_leaf_group
tomato_septoria,38c97982-c658-43c9-8641-bfbe851ef61c___Keller.St_CG 1955.JPG,missing_or_ambiguous_leaf_group
tomato_septoria,38cd312a-88ac-490c-a95c-0bddee777154___JR_Sept.L.S 2469.JPG,missing_or_ambiguous_leaf_group
tomato_septoria,39081040-dbed-48f3-aef1-7bab8831a7e0___JR_Sept.L.S 8447.JPG,missing_or_ambiguous_leaf_group
tomato_septoria,3b0062a2-2013-4dc6-9d61-4c74ae4b295a___JR_Sept.L.S 2484.JPG,missing_or_ambiguous_leaf_group
tomato_septoria,3ba26d58-4f12-49ac-b818-e32b953a81ee___JR_Sept.L.S 2655.JPG,missing_or_ambiguous_leaf_group
tomato_septoria,3c435f7e-e3cf-4a74-805b-b679ae96e25e___JR_Sept.L.S 2463.JPG,missing_or_ambiguous_leaf_group
tomato_septoria,3c553993-c2e9-40f3-b65e-5fa1170b5bb7___Keller.St_CG 1839.JPG,missing_or_ambiguous_leaf_group
tomato_septoria,3c70a1cb-bb92-4bf1-a742-0622d1616003___Keller.St_CG 1915.JPG,missing_or_ambiguous_leaf_group
tomato_septoria,3d91b473-6309-4310-9acd-e66dacaf789f___Keller.St_CG 1991.JPG,missing_or_ambiguous_leaf_group
tomato_septoria,3dd0d199-7106-4d78-8594-18d01a00aff3___JR_Sept.L.S 8539.JPG,missing_or_ambiguous_leaf_group
tomato_septoria,3dd32fea-62e8-4ae9-b307-5513e845b519___JR_Sept.L.S 2663.JPG,missing_or_ambiguous_leaf_group
tomato_septoria,3e36cafb-f2f4-4c51-9853-85fd7f1eb817___Keller.St_CG 1795.JPG,missing_or_ambiguous_leaf_group
tomato_septoria,3f310f1d-9837-4e44-ab1e-cfd22cae224b___JR_Sept.L.S 8386.JPG,missing_or_ambiguous_leaf_group
tomato_septoria,3f6c0ef0-068b-4566-a643-9a368d50bdc4___JR_Sept.L.S 8380.JPG,missing_or_ambiguous_leaf_group
tomato_septoria,40373753-a07a-4ccf-b844-3324278d2b54___Keller.St_CG 1903.JPG,missing_or_ambiguous_leaf_group
tomato_septoria,4193a3fe-d859-4354-b9e7-ec143f24ca01___JR_Sept.L.S 2579.JPG,missing_or_ambiguous_leaf_group
tomato_septoria,41dadfd3-6e73-4057-b909-5512dfe64631___JR_Sept.L.S 8544.JPG,missing_or_ambiguous_leaf_group
tomato_septoria,430dab60-e5fe-4a57-be67-e77bd91f9fda___Keller.St_CG 1772.JPG,missing_or_ambiguous_leaf_group
tomato_septoria,43a563e9-03a7-48d7-bf5e-2581319325fd___Keller.St_CG 1906.JPG,missing_or_ambiguous_leaf_group
tomato_septoria,43f78d0c-798d-4466-83f6-49e84d6a9fad___JR_Sept.L.S 2473.JPG,missing_or_ambiguous_leaf_group
tomato_septoria,441abb22-345f-4188-a6d6-6080e6f08152___JR_Sept.L.S 8479.JPG,missing_or_ambiguous_leaf_group
tomato_septoria,443ae8f5-c06b-4ed2-af1d-1fd6feddea32___JR_Sept.L.S 2476.JPG,missing_or_ambiguous_leaf_group
tomato_septoria,446e3268-4075-46d3-ba0d-965ed3c27918___JR_Sept.L.S 8463.JPG,missing_or_ambiguous_leaf_group
tomato_septoria,44eb0d62-ff10-4a60-bd2f-fc74300474b3___JR_Sept.L.S 2495.JPG,missing_or_ambiguous_leaf_group
tomato_septoria,4542fa9a-b83f-47d0-b1ae-f85cd84816da___Keller.St_CG 1911.JPG,missing_or_ambiguous_leaf_group
tomato_septoria,454b4241-db52-4f2a-98bb-6c51c11df432___Keller.St_CG 1997.JPG,missing_or_ambiguous_leaf_group
tomato_septoria,459318c1-ddb2-4f9c-b497-6280e1e82b96___JR_Sept.L.S 2635.JPG,missing_or_ambiguous_leaf_group
tomato_septoria,45c3dbbf-94eb-4e9e-9f09-b93609f6db7d___JR_Sept.L.S 2543.JPG,missing_or_ambiguous_leaf_group
tomato_septoria,47059235-9299-4d05-98d7-ea2ae09768fd___JR_Sept.L.S 8459.JPG,missing_or_ambiguous_leaf_group
tomato_septoria,481c8d4a-1bfa-48a7-9385-3352286bd765___Keller.St_CG 2036.JPG,missing_or_ambiguous_leaf_group
tomato_septoria,48639343-37ad-43b5-bd50-64db51b08212___JR_Sept.L.S 2665.JPG,missing_or_ambiguous_leaf_group
tomato_septoria,4957b1d6-18b7-40eb-b3e7-1b509ee2e1f9___JR_Sept.L.S 8356.JPG,missing_or_ambiguous_leaf_group
tomato_septoria,49b61637-8623-4e44-a485-d10125ed15ca___JR_Sept.L.S 2520.JPG,missing_or_ambiguous_leaf_group
tomato_septoria,49c6df4f-6528-479b-af7d-613aed9a0026___Keller.St_CG 1890.JPG,missing_or_ambiguous_leaf_group
tomato_septoria,4ae88e50-d807-45d7-b587-5242a2464764___JR_Sept.L.S 2618.JPG,missing_or_ambiguous_leaf_group
tomato_septoria,4b0ff251-1da4-4f9c-bf92-46441043c6cf___Keller.St_CG 1951.JPG,missing_or_ambiguous_leaf_group
tomato_septoria,4b712088-62f3-43ff-8358-6f07279f0b8c___Keller.St_CG 1961.JPG,missing_or_ambiguous_leaf_group
tomato_septoria,4bdfdc7b-5822-45b6-8c3f-65df82717447___Keller.St_CG 1897.JPG,missing_or_ambiguous_leaf_group
tomato_septoria,4c3efc57-6a59-4d52-bd77-1dd4efbfba72___JR_Sept.L.S 2614.JPG,missing_or_ambiguous_leaf_group
tomato_septoria,4c81baad-0278-40ad-a3ca-38a24cffb956___Keller.St_CG 1818.JPG,missing_or_ambiguous_leaf_group
tomato_septoria,4ca205ed-57b5-4d2a-ba00-a706e9b9ffed___Keller.St_CG 1966.JPG,missing_or_ambiguous_leaf_group
tomato_septoria,4d0c8277-60cc-4c70-862c-6abc58e6de4c___Keller.St_CG 1854.JPG,missing_or_ambiguous_leaf_group
tomato_septoria,4d4d398a-daf4-4013-9f92-f39dd34abf35___Keller.St_CG 2010.JPG,missing_or_ambiguous_leaf_group
tomato_septoria,4dca99fe-1184-4728-874c-f902bc48f934___JR_Sept.L.S 8453.JPG,missing_or_ambiguous_leaf_group
tomato_septoria,4e868db4-c951-461f-ab77-562aa6456746___JR_Sept.L.S 8553.JPG,missing_or_ambiguous_leaf_group
tomato_septoria,4ebf92f9-6f78-4a23-a244-35c89106ea18___Keller.St_CG 1808.JPG,missing_or_ambiguous_leaf_group
tomato_septoria,4f45a4b4-342b-4422-87b9-8386a6801ba1___JR_Sept.L.S 2566.JPG,missing_or_ambiguous_leaf_group
tomato_septoria,4f59ff40-d287-4620-b9b2-d62bf49ae0bf___JR_Sept.L.S 8367.JPG,missing_or_ambiguous_leaf_group
tomato_septoria,4ff7ff02-1fce-4994-bea2-bc46bd60fa4f___JR_Sept.L.S 8501.JPG,missing_or_ambiguous_leaf_group
tomato_septoria,5032f1a5-22a0-42c3-bcf4-d44d4334ac5a___JR_Sept.L.S 8554.JPG,missing_or_ambiguous_leaf_group
tomato_septoria,508b4f17-3dca-4062-abdf-e879df2eda55___JR_Sept.L.S 8505.JPG,missing_or_ambiguous_leaf_group
tomato_septoria,51d6b8c9-bc02-4658-be7a-31ed36c173e4___JR_Sept.L.S 8460.JPG,missing_or_ambiguous_leaf_group
tomato_septoria,5200301e-a744-45d6-acd7-1b9d254d279d___JR_Sept.L.S 8374.JPG,missing_or_ambiguous_leaf_group
tomato_septoria,526f49f6-ce31-4913-9f0b-c0445572ea44___Keller.St_CG 1972.JPG,missing_or_ambiguous_leaf_group
tomato_septoria,52b3119d-4f5e-41b0-948f-7a1d3b1341eb___JR_Sept.L.S 8495.JPG,missing_or_ambiguous_leaf_group
tomato_septoria,531f8d45-f21f-4e5e-ad6f-0f4e64440b58___Keller.St_CG 1899.JPG,missing_or_ambiguous_leaf_group
tomato_septoria,5357b085-dcfe-4a9f-8e69-98b2481c8f7e___JR_Sept.L.S 8471.JPG,missing_or_ambiguous_leaf_group
tomato_septoria,53587f20-0646-4ba9-9124-c2ccbd6e31e6___JR_Sept.L.S 2555.JPG,missing_or_ambiguous_leaf_group
tomato_septoria,536674c5-35b0-4427-8478-27a6e81d94da___Keller.St_CG 2017.JPG,missing_or_ambiguous_leaf_group
tomato_septoria,53a7965b-5e0e-41a6-a65a-cd6833f68087___Keller.St_CG 1968.JPG,missing_or_ambiguous_leaf_group
tomato_septoria,53bd5f98-4343-4421-bf83-f970bce432bb___JR_Sept.L.S 8509.JPG,missing_or_ambiguous_leaf_group
tomato_septoria,53f04b6f-afa0-44ca-906b-477462819a65___JR_Sept.L.S 8546.JPG,missing_or_ambiguous_leaf_group
tomato_septoria,54004f4a-6645-410f-ba96-5d3055522667___JR_Sept.L.S 2515.JPG,missing_or_ambiguous_leaf_group
tomato_septoria,5418736d-c947-4cdc-b82c-692de712880a___JR_Sept.L.S 2619.JPG,missing_or_ambiguous_leaf_group
tomato_septoria,544fbdc4-17a2-45c8-847d-fd31731a9d25___Keller.St_CG 1848.JPG,missing_or_ambiguous_leaf_group
tomato_septoria,548506b9-119b-47a9-b5c6-7c13abb7887b___Keller.St_CG 1811.JPG,missing_or_ambiguous_leaf_group
tomato_septoria,549cd4a2-1d8b-4cbd-8aae-3b4e0a29b8cd___Keller.St_CG 1965.JPG,missing_or_ambiguous_leaf_group
tomato_septoria,54d0e5af-467b-463a-b1b9-c90e70aef8a6___Keller.St_CG 1827.JPG,missing_or_ambiguous_leaf_group
tomato_septoria,54e9c79f-bcce-4744-b5e0-be176d879a30___JR_Sept.L.S 8349.JPG,missing_or_ambiguous_leaf_group
tomato_septoria,54f54619-e1a8-4e99-ac00-798a65bea648___JR_Sept.L.S 8462.JPG,missing_or_ambiguous_leaf_group
tomato_septoria,5521170e-a89f-4bb5-aa54-224a9d278d36___Keller.St_CG 1913.JPG,missing_or_ambiguous_leaf_group
tomato_septoria,55e8b4dd-0a94-4be5-895c-40e280bf7408___Keller.St_CG 1817.JPG,missing_or_ambiguous_leaf_group
tomato_septoria,55f8b668-6288-4fb2-81f6-7adf029aa69a___JR_Sept.L.S 2527.JPG,missing_or_ambiguous_leaf_group
tomato_septoria,56d9c252-fe48-4a39-8264-8bfce1f8ba2a___JR_Sept.L.S 2562.JPG,missing_or_ambiguous_leaf_group
tomato_septoria,56e5932f-b715-40e3-b9b8-caef91f725db___JR_Sept.L.S 2568.JPG,missing_or_ambiguous_leaf_group
tomato_septoria,571f27fb-8d57-4d5e-8963-928e9960b18b___Keller.St_CG 1833.JPG,missing_or_ambiguous_leaf_group
tomato_septoria,57364d0e-48f0-49e4-89a3-5a697c6efa5b___Keller.St_CG 1813.JPG,missing_or_ambiguous_leaf_group
tomato_septoria,573c904e-8ccd-4a27-943a-a1b0ea293ae3___JR_Sept.L.S 2548.JPG,missing_or_ambiguous_leaf_group
tomato_septoria,577380e5-8b20-4ae2-bae5-f7442c3fe70c___JR_Sept.L.S 8535.JPG,missing_or_ambiguous_leaf_group
tomato_septoria,57fd9d9a-57d0-4282-af8c-e2b4aa04b517___Keller.St_CG 1874.JPG,missing_or_ambiguous_leaf_group
tomato_septoria,58109a13-2788-48f4-9829-1ea54e002a3c___JR_Sept.L.S 2637.JPG,missing_or_ambiguous_leaf_group
tomato_septoria,58e242dd-6204-4a64-a520-e50d1f61c326___Keller.St_CG 1956.JPG,missing_or_ambiguous_leaf_group
tomato_septoria,59ed20ab-2c59-41bb-a265-87e854ef93f5___JR_Sept.L.S 8500.JPG,missing_or_ambiguous_leaf_group
tomato_septoria,5a43b236-f091-4e4b-8b17-b7fe3a6515d3___JR_Sept.L.S 8390.JPG,missing_or_ambiguous_leaf_group
tomato_septoria,5b01bfdf-a1ef-49c8-9247-c98eac4ec5fb___JR_Sept.L.S 8422.JPG,missing_or_ambiguous_leaf_group
tomato_septoria,5b0cd135-94b9-4591-966c-0257a0beea5e___JR_Sept.L.S 8486.JPG,missing_or_ambiguous_leaf_group
tomato_septoria,5b1c13ef-e560-4479-869c-8d52ac4cf559___JR_Sept.L.S 2517.JPG,missing_or_ambiguous_leaf_group
tomato_septoria,5b70236c-4228-4c9a-b1c5-783225d6b3bb___JR_Sept.L.S 2519.JPG,missing_or_ambiguous_leaf_group
tomato_septoria,5ba3b6f4-7b05-4588-8063-078c48268e88___Keller.St_CG 1935.JPG,missing_or_ambiguous_leaf_group
tomato_septoria,5bd0232d-e941-400e-8b38-fa47a26d49a6___JR_Sept.L.S 2544.JPG,missing_or_ambiguous_leaf_group
tomato_septoria,5be70ee0-f463-488c-b0e5-377994a0cf45___JR_Sept.L.S 2502.JPG,missing_or_ambiguous_leaf_group
tomato_septoria,5cf704c0-88d3-46fd-9cab-196a86adbcfd___JR_Sept.L.S 2558.JPG,missing_or_ambiguous_leaf_group
tomato_septoria,5d1cc870-27d2-4442-bc2a-a8788543d326___JR_Sept.L.S 2578.JPG,missing_or_ambiguous_leaf_group
tomato_septoria,5d4fc217-1da5-4459-86af-14d60427f77d___Keller.St_CG 1850.JPG,missing_or_ambiguous_leaf_group
tomato_septoria,5d6bdcbf-b75a-4562-917f-4d902fa3b6b0___JR_Sept.L.S 2620.JPG,missing_or_ambiguous_leaf_group
tomato_septoria,5e23a1a8-d7b8-4bf4-9f02-941159d8ed44___JR_Sept.L.S 8382.JPG,missing_or_ambiguous_leaf_group
tomato_septoria,5e53810f-d7fe-40af-aaa4-7753d1f265e2___JR_Sept.L.S 2528.JPG,missing_or_ambiguous_leaf_group
tomato_septoria,5ef12ea0-b2bc-4c2c-a5e4-7cc26e57c626___Keller.St_CG 1768.JPG,missing_or_ambiguous_leaf_group
tomato_septoria,5feacc6a-587b-47e0-97cc-91fa25a0087b___JR_Sept.L.S 2685.JPG,missing_or_ambiguous_leaf_group
tomato_septoria,5fee3101-f7de-40d2-8609-637736d8df24___Keller.St_CG 1869.JPG,missing_or_ambiguous_leaf_group
tomato_septoria,6004b080-9cb7-4f89-85c1-018c0d289fc2___JR_Sept.L.S 8560.JPG,missing_or_ambiguous_leaf_group
tomato_septoria,604db609-ce1b-48e0-bf73-4f9c53ffa051___JR_Sept.L.S 8418.JPG,missing_or_ambiguous_leaf_group
tomato_septoria,607b27f9-5ab5-427a-a2f8-4ca986d6e7b7___JR_Sept.L.S 2650.JPG,missing_or_ambiguous_leaf_group
tomato_septoria,609fec75-fdd5-4adc-8748-121c9420e813___JR_Sept.L.S 2485.JPG,missing_or_ambiguous_leaf_group
tomato_septoria,60d8fd31-85d1-4fe8-a4fa-29d306150287___JR_Sept.L.S 8433.JPG,missing_or_ambiguous_leaf_group
tomato_septoria,60e32ab3-a35e-4de9-b23b-ab88a6cbe021___JR_Sept.L.S 8542.JPG,missing_or_ambiguous_leaf_group
tomato_septoria,61eef0a1-8005-47be-867f-576ee3507818___Keller.St_CG 1876.JPG,missing_or_ambiguous_leaf_group
tomato_septoria,62188b89-e853-4547-9fe7-9354a6d3d449___Keller.St_CG 2004.JPG,missing_or_ambiguous_leaf_group
tomato_septoria,62190912-91d4-45f0-8156-96de7a6fc4d8___Keller.St_CG 2032.JPG,missing_or_ambiguous_leaf_group
tomato_septoria,6273769c-3dc6-44ae-ac79-2597e5697778___Keller.St_CG 1867.JPG,missing_or_ambiguous_leaf_group
tomato_septoria,62b56c32-fdd9-41c4-bf32-46b53d3c6ece___JR_Sept.L.S 2483.JPG,missing_or_ambiguous_leaf_group
tomato_septoria,636308e1-3416-420b-90c2-b595a7dbcc6e___JR_Sept.L.S 2677.JPG,missing_or_ambiguous_leaf_group
tomato_septoria,63ff8ff8-0b4e-4587-8dd0-6961c34b370a___JR_Sept.L.S 2686.JPG,missing_or_ambiguous_leaf_group
tomato_septoria,640cbf80-38f9-44e4-a14d-07dcf7effcf2___JR_Sept.L.S 8364.JPG,missing_or_ambiguous_leaf_group
tomato_septoria,6423beae-af76-4630-a3e4-f59977457971___Keller.St_CG 1900.JPG,missing_or_ambiguous_leaf_group
tomato_septoria,643d1473-b609-4a67-bc28-8dcc7b22c46b___JR_Sept.L.S 8354.JPG,missing_or_ambiguous_leaf_group
tomato_septoria,648d66b5-7f12-4baa-beba-4938ede59013___JR_Sept.L.S 2625.JPG,missing_or_ambiguous_leaf_group
tomato_septoria,64c0b28c-5985-44cb-9891-a728c2acda7a___JR_Sept.L.S 8467.JPG,missing_or_ambiguous_leaf_group
tomato_septoria,650abe19-6687-4d96-ad08-1c887b8c2a62___JR_Sept.L.S 8497.JPG,missing_or_ambiguous_leaf_group
tomato_septoria,65f22d82-02df-4fc8-9fa9-063386bfaba0___JR_Sept.L.S 2479.JPG,missing_or_ambiguous_leaf_group
tomato_septoria,663f412f-6bb7-4e89-aac6-683d87e92638___JR_Sept.L.S 8376.JPG,missing_or_ambiguous_leaf_group
tomato_septoria,66a84685-549a-4278-825f-5236a60a5149___Keller.St_CG 1852.JPG,missing_or_ambiguous_leaf_group
tomato_septoria,67d141c6-be7a-4f3d-9c4f-b667ca41ebd4___Keller.St_CG 1838.JPG,missing_or_ambiguous_leaf_group
tomato_septoria,67feebf2-a74a-48b0-acf5-913c9cd5e84a___JR_Sept.L.S 2457.JPG,missing_or_ambiguous_leaf_group
tomato_septoria,685231f4-f2a7-4a41-86f1-9f658baed631___Keller.St_CG 1992.JPG,missing_or_ambiguous_leaf_group
tomato_septoria,691351f3-04bb-445b-9284-9afc990c4876___JR_Sept.L.S 2645.JPG,missing_or_ambiguous_leaf_group
tomato_septoria,698bdba4-67c1-476e-be60-21a4fd7d3f55___Keller.St_CG 1790.JPG,missing_or_ambiguous_leaf_group
tomato_septoria,698e8882-1c94-496e-a920-1cfbf5bb25ae___JR_Sept.L.S 2666.JPG,missing_or_ambiguous_leaf_group
tomato_septoria,699bc438-4477-447e-92a7-038662112f61___Keller.St_CG 2006.JPG,missing_or_ambiguous_leaf_group
tomato_septoria,6a3ae349-27f8-468c-a1ad-7ddfc31e3435___JR_Sept.L.S 2471.JPG,missing_or_ambiguous_leaf_group
tomato_septoria,6a4518f8-37a5-4c96-ab5d-5cb75f6e24b2___JR_Sept.L.S 8444.JPG,missing_or_ambiguous_leaf_group
tomato_septoria,6aad1489-2ff3-4b26-a037-45e56f572ad7___JR_Sept.L.S 2690.JPG,missing_or_ambiguous_leaf_group
tomato_septoria,6ab1d41b-ce72-4019-9852-5627d34aa0e2___JR_Sept.L.S 2711.JPG,missing_or_ambiguous_leaf_group
tomato_septoria,6b1b7993-cac0-458a-a7d3-e807f9008083___JR_Sept.L.S 2683.JPG,missing_or_ambiguous_leaf_group
tomato_septoria,6b4bcc3a-93f3-4b30-aa76-4af6113377a9___Keller.St_CG 1928.JPG,missing_or_ambiguous_leaf_group
tomato_septoria,6bb03663-2989-4c0b-8aba-bedc9e3430eb___JR_Sept.L.S 2607.JPG,missing_or_ambiguous_leaf_group
tomato_septoria,6bda66a5-562c-4ad9-9e14-7d76dcbd4eef___Keller.St_CG 1880.JPG,missing_or_ambiguous_leaf_group
tomato_septoria,6d01e191-a269-45c0-9212-53a678c037b3___Keller.St_CG 1932.JPG,missing_or_ambiguous_leaf_group
tomato_septoria,6e179382-44e9-4032-b6cb-81c631134922___JR_Sept.L.S 8359.JPG,missing_or_ambiguous_leaf_group
tomato_septoria,6e40537e-a6c8-404c-b493-f8f2e0895efc___JR_Sept.L.S 8410.JPG,missing_or_ambiguous_leaf_group
tomato_septoria,6e585c69-cde5-4a6c-ac40-24951f72e16a___Keller.St_CG 1964.JPG,missing_or_ambiguous_leaf_group
tomato_septoria,6e62204d-cfcf-4b46-8889-b98fc1821b47___Keller.St_CG 1872.JPG,missing_or_ambiguous_leaf_group
tomato_septoria,6e9a45b0-7c4e-4b6b-abb4-6a2667810679___Keller.St_CG 1960.JPG,missing_or_ambiguous_leaf_group
tomato_septoria,6fedc093-cd0a-4aae-8a93-aa9fea75bf6c___Keller.St_CG 1947.JPG,missing_or_ambiguous_leaf_group
tomato_septoria,6ff464c8-6ac2-451e-99e4-6135aecf869d___JR_Sept.L.S 8392.JPG,missing_or_ambiguous_leaf_group
tomato_septoria,70aaa3d4-f817-48aa-a3b0-aee1c539c4f5___JR_Sept.L.S 8470.JPG,missing_or_ambiguous_leaf_group
tomato_septoria,70cfd5a5-64c0-467b-8647-7743e5c3513a___JR_Sept.L.S 2621.JPG,missing_or_ambiguous_leaf_group
tomato_septoria,715b97ad-9fd9-42dc-9c50-a0b8edcf0ad0___Keller.St_CG 1912.JPG,missing_or_ambiguous_leaf_group
tomato_septoria,717d2ca2-2e4f-45f0-9585-847074e94d3a___Keller.St_CG 1871.JPG,missing_or_ambiguous_leaf_group
tomato_septoria,71d8607e-536c-4384-a9c5-db2dcd3e149d___JR_Sept.L.S 2641.JPG,missing_or_ambiguous_leaf_group
tomato_septoria,720e357b-bde1-421f-99b2-27a22068baef___Keller.St_CG 1982.JPG,missing_or_ambiguous_leaf_group
tomato_septoria,721a3f17-639a-4e5f-adcc-6e21ec90330f___Keller.St_CG 2002.JPG,missing_or_ambiguous_leaf_group
tomato_septoria,722659bb-4ce3-4f02-9799-8adb171d194f___JR_Sept.L.S 8511.JPG,missing_or_ambiguous_leaf_group
tomato_septoria,728282b2-23d3-4afc-8c95-94bd2fd296e1___JR_Sept.L.S 2583.JPG,missing_or_ambiguous_leaf_group
tomato_septoria,740caf75-7903-44ec-ac47-c8a684736c8a___Keller.St_CG 2005.JPG,missing_or_ambiguous_leaf_group
tomato_septoria,748290c1-48f9-46ab-bf30-70db00d1aa76___JR_Sept.L.S 2547.JPG,missing_or_ambiguous_leaf_group
tomato_septoria,74b9ed1b-042f-4b13-a31b-ec57a0c0b409___JR_Sept.L.S 8350.JPG,missing_or_ambiguous_leaf_group
tomato_septoria,75256fc4-c3de-44a1-986d-176daec56c4d___Keller.St_CG 1940.JPG,missing_or_ambiguous_leaf_group
tomato_septoria,760a93a5-44c0-442c-9b96-cc821e3c0bda___JR_Sept.L.S 8408.JPG,missing_or_ambiguous_leaf_group
tomato_septoria,77afbf01-7a6e-421a-838e-224b2988c0f7___JR_Sept.L.S 8515.JPG,missing_or_ambiguous_leaf_group
tomato_septoria,77beaab6-09bf-4ea4-9107-4109d06b5412___Keller.St_CG 1829.JPG,missing_or_ambiguous_leaf_group
tomato_septoria,77c5b76c-3b81-4174-892d-640c97ba7f48___JR_Sept.L.S 2714.JPG,missing_or_ambiguous_leaf_group
tomato_septoria,78776bfc-9aa1-4b33-bb43-41ac6a140323___JR_Sept.L.S 8456.JPG,missing_or_ambiguous_leaf_group
tomato_septoria,79470ff5-d3dd-4de6-a21d-73def3c0d0fd___JR_Sept.L.S 2708.JPG,missing_or_ambiguous_leaf_group
tomato_septoria,79f0e1e3-7275-46a5-b4de-fbf5410dae80___JR_Sept.L.S 8482.JPG,missing_or_ambiguous_leaf_group
tomato_septoria,79fb9a6a-4cbd-4168-8ed7-d031fb38d9ba___Keller.St_CG 1896.JPG,missing_or_ambiguous_leaf_group
tomato_septoria,7a54f605-84c0-4344-8fbd-69bd6b34eebd___JR_Sept.L.S 8547.JPG,missing_or_ambiguous_leaf_group
tomato_septoria,7a74368f-379b-4bb8-a8cb-a21b86ef8d63___JR_Sept.L.S 2590.JPG,missing_or_ambiguous_leaf_group
tomato_septoria,7aaadf3c-f135-450a-85de-138061ea76ee___JR_Sept.L.S 2516.JPG,missing_or_ambiguous_leaf_group
tomato_septoria,7acd10ed-a101-4467-856a-f3483493182a___Keller.St_CG 1862.JPG,missing_or_ambiguous_leaf_group
tomato_septoria,7b5194d6-e0cf-4bc3-bb97-a1c6568e9bdc___Keller.St_CG 1773.JPG,missing_or_ambiguous_leaf_group
tomato_septoria,7b80cd3e-fe02-4b63-8097-69f48b0b1bf0___JR_Sept.L.S 2631.JPG,missing_or_ambiguous_leaf_group
tomato_septoria,7bf7886a-7ec1-4f4a-92be-5d18b6450ee1___JR_Sept.L.S 8362.JPG,missing_or_ambiguous_leaf_group
tomato_septoria,7c464f54-8a3e-45ad-a900-d7164e44cc0d___JR_Sept.L.S 8534.JPG,missing_or_ambiguous_leaf_group
tomato_septoria,7c92fec0-46dd-4130-bf41-b054e974edff___Keller.St_CG 2007.JPG,missing_or_ambiguous_leaf_group
tomato_septoria,7cb20744-6c1f-481a-aa39-6f502ba0bfc4___Keller.St_CG 1971.JPG,missing_or_ambiguous_leaf_group
tomato_septoria,7cb27fc3-c967-4734-8c81-cabbcd7d322f___Keller.St_CG 2003.JPG,missing_or_ambiguous_leaf_group
tomato_septoria,7cf8bfef-e8d7-406b-b27c-e5e545096545___JR_Sept.L.S 8427.JPG,missing_or_ambiguous_leaf_group
tomato_septoria,7d2e7df9-0b0d-49dc-8161-7601f1cdcf5f___JR_Sept.L.S 2552.JPG,missing_or_ambiguous_leaf_group
tomato_septoria,7d5b8ab6-0280-4b43-9748-21d803810857___JR_Sept.L.S 2560.JPG,missing_or_ambiguous_leaf_group
tomato_septoria,7d78f905-87d9-4a0d-8140-938e4a23534f___Keller.St_CG 1765.JPG,missing_or_ambiguous_leaf_group
tomato_septoria,7d7a2dca-4df0-4aca-9f9b-4894b348bce4___JR_Sept.L.S 8528.JPG,missing_or_ambiguous_leaf_group
tomato_septoria,7df39eb0-7372-4386-a09f-d04e446296da___Keller.St_CG 1783.JPG,missing_or_ambiguous_leaf_group
tomato_septoria,7e3a2a59-c4ed-47da-9176-6996ad3170df___JR_Sept.L.S 2556.JPG,missing_or_ambiguous_leaf_group
tomato_septoria,7ed442ab-2005-4fe8-98a6-82b1b4d7f1a9___Keller.St_CG 1843.JPG,missing_or_ambiguous_leaf_group
tomato_septoria,7f89a8ce-00bd-4305-9b4a-fe1e7b57fdab___JR_Sept.L.S 2654.JPG,missing_or_ambiguous_leaf_group
tomato_septoria,7fa38347-d1e6-4d31-9b90-50ac10cd11ee___Keller.St_CG 1988.JPG,missing_or_ambiguous_leaf_group
tomato_septoria,80c8fa6d-e374-40ad-8399-fdb626640e82___JR_Sept.L.S 2675.JPG,missing_or_ambiguous_leaf_group
tomato_septoria,80ec9d60-0f20-4c02-8d63-76108e90bc14___JR_Sept.L.S 8525.JPG,missing_or_ambiguous_leaf_group
tomato_septoria,8104562f-81d4-478f-b767-c5d65ae601cb___JR_Sept.L.S 8404.JPG,missing_or_ambiguous_leaf_group
tomato_septoria,8189e9b5-8cd7-4611-a4c0-afbc9e0db948___JR_Sept.L.S 2602.JPG,missing_or_ambiguous_leaf_group
tomato_septoria,819e02d3-94fc-4903-b963-dbe0ff5fc8ad___JR_Sept.L.S 8445.JPG,missing_or_ambiguous_leaf_group
tomato_septoria,81a9e9ba-423d-4fd1-b5ee-8bc655a01df7___JR_Sept.L.S 8483.JPG,missing_or_ambiguous_leaf_group
tomato_septoria,827aa549-0e8b-46d1-b7b2-101ceaab0c03___Keller.St_CG 1919.JPG,missing_or_ambiguous_leaf_group
tomato_septoria,82de2fc1-0ff9-4711-a89d-35db440d2078___JR_Sept.L.S 8564.JPG,missing_or_ambiguous_leaf_group
tomato_septoria,82eb6df4-cf2d-4fe8-8b3b-c2ddb8b5457e___Keller.St_CG 1995.JPG,missing_or_ambiguous_leaf_group
tomato_septoria,836825c5-3bc5-492f-9287-e086a02af35c___JR_Sept.L.S 2492.JPG,missing_or_ambiguous_leaf_group
tomato_septoria,83b691d5-053c-4f0b-9753-d4880dbefc76___JR_Sept.L.S 2513.JPG,missing_or_ambiguous_leaf_group
tomato_septoria,83cf2026-6466-4b9e-b5ec-f22f35811473___JR_Sept.L.S 2724.JPG,missing_or_ambiguous_leaf_group
tomato_septoria,846797a3-3eb3-403d-aeb3-816f8f2b53d9___Keller.St_CG 2029.JPG,missing_or_ambiguous_leaf_group
tomato_septoria,84836cba-6362-4e3b-b86c-d84f91d186ce___JR_Sept.L.S 2499.JPG,missing_or_ambiguous_leaf_group
tomato_septoria,850fd7db-de0c-4bd8-b869-ffbaa4a3a320___Keller.St_CG 1807.JPG,missing_or_ambiguous_leaf_group
tomato_septoria,853f9d8c-0f82-4008-b5ea-5cea9739ee65___JR_Sept.L.S 2601.JPG,missing_or_ambiguous_leaf_group
tomato_septoria,857c4c4b-d04c-47a0-84ff-55366ad36bbd___JR_Sept.L.S 2524.JPG,missing_or_ambiguous_leaf_group
tomato_septoria,85908ad9-57a4-402e-b9c3-3907b452d26b___JR_Sept.L.S 8566.JPG,missing_or_ambiguous_leaf_group
tomato_septoria,862cb2b6-6635-4157-9ef6-c2b2fe0a9861___Keller.St_CG 1882.JPG,missing_or_ambiguous_leaf_group
tomato_septoria,862cca81-2acd-4a2b-89aa-bd01d9524d7b___JR_Sept.L.S 2577.JPG,missing_or_ambiguous_leaf_group
tomato_septoria,867fb710-fcd0-407b-ae58-1f04eb1db822___JR_Sept.L.S 2535.JPG,missing_or_ambiguous_leaf_group
tomato_septoria,87106385-3a72-45ed-bb0f-8d4e8e1c7aeb___JR_Sept.L.S 8365.JPG,missing_or_ambiguous_leaf_group
tomato_septoria,8844989d-d8df-4271-8794-3e0ac27c7aca___JR_Sept.L.S 8348.JPG,missing_or_ambiguous_leaf_group
tomato_septoria,8849f6f6-644f-4d0b-8fbd-0902b6206ead___JR_Sept.L.S 2459.JPG,missing_or_ambiguous_leaf_group
tomato_septoria,889d74d1-a687-4a03-a5b7-08fe446a05ff___Keller.St_CG 1986.JPG,missing_or_ambiguous_leaf_group
tomato_septoria,88dc556d-2f31-41ad-9383-ec54aee9fb57___JR_Sept.L.S 2610.JPG,missing_or_ambiguous_leaf_group
tomato_septoria,8a5a6fa0-17f1-42da-b7ee-406783e8666b___JR_Sept.L.S 8411.JPG,missing_or_ambiguous_leaf_group
tomato_septoria,8a8675be-3990-4089-b64d-a5c5d28aacde___Keller.St_CG 2033.JPG,missing_or_ambiguous_leaf_group
tomato_septoria,8a90ed3e-79fb-40e4-b3f6-005013452e32___JR_Sept.L.S 2565.JPG,missing_or_ambiguous_leaf_group
tomato_septoria,8ae83365-7729-450a-9a49-328ae36155af___JR_Sept.L.S 2510.JPG,missing_or_ambiguous_leaf_group
tomato_septoria,8b3906bb-538e-4a7e-83c0-a6a7fef3b2f1___JR_Sept.L.S 8420.JPG,missing_or_ambiguous_leaf_group
tomato_septoria,8b9ca191-719d-40cf-9077-89d9534dee6b___JR_Sept.L.S 8457.JPG,missing_or_ambiguous_leaf_group
tomato_septoria,8bcab1d2-d0fe-497d-9419-765c99ac6989___JR_Sept.L.S 8541.JPG,missing_or_ambiguous_leaf_group
tomato_septoria,8bcfea5e-26a6-4a7a-9a36-068298b89029___JR_Sept.L.S 8429.JPG,missing_or_ambiguous_leaf_group
tomato_septoria,8be9c468-c2d3-40cd-bfc9-21c94fc81d0a___JR_Sept.L.S 2564.JPG,missing_or_ambiguous_leaf_group
tomato_septoria,8c5a5ad2-1ac9-4a19-a5ea-26ae87e0f4c4___JR_Sept.L.S 2538.JPG,missing_or_ambiguous_leaf_group
tomato_septoria,8c73d17b-4821-4e52-9627-3914f7c89bce___JR_Sept.L.S 8481.JPG,missing_or_ambiguous_leaf_group
tomato_septoria,8cbaba7f-8b0b-4eea-a4ed-afd375a7c55a___JR_Sept.L.S 2720.JPG,missing_or_ambiguous_leaf_group
tomato_septoria,8d9de432-48bb-4a21-9288-6ea97064edb8___Keller.St_CG 1917.JPG,missing_or_ambiguous_leaf_group
tomato_septoria,8ddb1dc4-2a3b-47d1-aff4-53272713f514___JR_Sept.L.S 2603.JPG,missing_or_ambiguous_leaf_group
tomato_septoria,8e31852e-12b6-413d-9f09-c4d7608326b5___JR_Sept.L.S 2487.JPG,missing_or_ambiguous_leaf_group
tomato_septoria,8ea5ab78-1e1f-4f6b-97b0-84550af26040___Keller.St_CG 2039.JPG,missing_or_ambiguous_leaf_group
tomato_septoria,8f3956a3-1d30-4df2-bac5-993ca9d335f8___Keller.St_CG 1886.JPG,missing_or_ambiguous_leaf_group
tomato_septoria,8f7043f7-a79e-4c9b-86d2-80b032b659b6___JR_Sept.L.S 2684.JPG,missing_or_ambiguous_leaf_group
tomato_septoria,8f8c3234-855a-4841-8ec0-5d644ba8743a___JR_Sept.L.S 8506.JPG,missing_or_ambiguous_leaf_group
tomato_septoria,8fabb9ea-8048-406a-be78-a64123654212___JR_Sept.L.S 2591.JPG,missing_or_ambiguous_leaf_group
tomato_septoria,8fdc83d8-f6f8-481d-bd09-e1baecddc6cf___JR_Sept.L.S 2611.JPG,missing_or_ambiguous_leaf_group
tomato_septoria,90caf05a-8217-4eab-b91e-e2495c51e5e7___JR_Sept.L.S 2571.JPG,missing_or_ambiguous_leaf_group
tomato_septoria,91857ff3-93b6-4c07-b6cd-a23bd89717ee___JR_Sept.L.S 8493.JPG,missing_or_ambiguous_leaf_group
tomato_septoria,92cf3568-abcc-43b4-acb4-9d00171d2478___Keller.St_CG 1984.JPG,missing_or_ambiguous_leaf_group
tomato_septoria,92fa6312-e883-462a-8251-4068f245699d___Keller.St_CG 1894.JPG,missing_or_ambiguous_leaf_group
tomato_septoria,92fabdc8-56a1-4d23-a075-4f9aa94c7193___JR_Sept.L.S 8487.JPG,missing_or_ambiguous_leaf_group
tomato_septoria,92fbce1f-9e6e-4eaa-9161-4ed4f7a511dd___JR_Sept.L.S 2609.JPG,missing_or_ambiguous_leaf_group
tomato_septoria,93803782-3190-4a41-98a3-1c2712ca8571___JR_Sept.L.S 2704.JPG,missing_or_ambiguous_leaf_group
tomato_septoria,93993d21-cc89-4e64-b989-232a90ba101e___JR_Sept.L.S 8478.JPG,missing_or_ambiguous_leaf_group
tomato_septoria,93d905ab-5def-4105-80b8-d85f54258a4a___Keller.St_CG 2028.JPG,missing_or_ambiguous_leaf_group
tomato_septoria,93e7ceb9-1de0-4b55-9a8e-5e017a87cede___Keller.St_CG 1814.JPG,missing_or_ambiguous_leaf_group
tomato_septoria,941b0412-6299-4aff-bda4-e7d89f51af91___JR_Sept.L.S 2628.JPG,missing_or_ambiguous_leaf_group
tomato_septoria,94445a4d-97cd-4db5-aedb-32da5756b2d7___JR_Sept.L.S 2498.JPG,missing_or_ambiguous_leaf_group
tomato_septoria,94473aa8-8533-4c7c-8651-d3e4c63d7c9d___JR_Sept.L.S 8434.JPG,missing_or_ambiguous_leaf_group
tomato_septoria,9472f447-6fe5-40f2-a25a-847323e8ca6c___JR_Sept.L.S 2624.JPG,missing_or_ambiguous_leaf_group
tomato_septoria,947633cb-9ba7-4703-9afa-9fde8ad25888___JR_Sept.L.S 2539.JPG,missing_or_ambiguous_leaf_group
tomato_septoria,947797d8-4187-4401-920a-79f7cbb6f509___JR_Sept.L.S 8381.JPG,missing_or_ambiguous_leaf_group
tomato_septoria,94af2c43-753b-459f-8767-da8cee61bfe1___JR_Sept.L.S 2496.JPG,missing_or_ambiguous_leaf_group
tomato_septoria,94d2930c-7f66-4900-90b5-4ea22d053320___JR_Sept.L.S 8377.JPG,missing_or_ambiguous_leaf_group
tomato_septoria,94f6e97d-5aee-44eb-a1bc-8699e05f71d8___Keller.St_CG 1927.JPG,missing_or_ambiguous_leaf_group
tomato_septoria,9553897f-0b12-4b46-807b-d33c19ade9d9___JR_Sept.L.S 2697.JPG,missing_or_ambiguous_leaf_group
tomato_septoria,9580a3c7-f614-4f5c-b660-8b9525865917___Keller.St_CG 1858.JPG,missing_or_ambiguous_leaf_group
tomato_septoria,95968140-306b-45b7-9bb0-bb475995d29c___JR_Sept.L.S 2580.JPG,missing_or_ambiguous_leaf_group
tomato_septoria,95fb80ea-97dd-4d8a-b2d4-16a3ec3d5da6___JR_Sept.L.S 2692.JPG,missing_or_ambiguous_leaf_group
tomato_septoria,9604c3d8-1ccd-4aea-8e31-b90ad17bdae1___JR_Sept.L.S 8406.JPG,missing_or_ambiguous_leaf_group
tomato_septoria,962119e0-4165-4c4e-bf7e-fd68f89e4e6b___Keller.St_CG 2016.JPG,missing_or_ambiguous_leaf_group
tomato_septoria,963549d4-2e44-4b10-8e73-9d955a80949c___Keller.St_CG 1946.JPG,missing_or_ambiguous_leaf_group
tomato_septoria,963a7271-22fd-4c29-bb0a-da24ccd085fa___Keller.St_CG 1821.JPG,missing_or_ambiguous_leaf_group
tomato_septoria,96d09f73-139b-44ef-a2bd-5a9717f6a2b6___JR_Sept.L.S 2670.JPG,missing_or_ambiguous_leaf_group
tomato_septoria,971a3e79-1c8e-43fb-8734-35172df9272a___JR_Sept.L.S 8394.JPG,missing_or_ambiguous_leaf_group
tomato_septoria,971cd71b-c5da-48dc-8c7b-91280e231301___Keller.St_CG 1823.JPG,missing_or_ambiguous_leaf_group
tomato_septoria,975e4b27-f8c0-4a09-8412-bdd1f56479ba___Keller.St_CG 1855.JPG,missing_or_ambiguous_leaf_group
tomato_septoria,97681802-8ef1-491a-ac56-a9772fdb4906___JR_Sept.L.S 8520.JPG,missing_or_ambiguous_leaf_group
tomato_septoria,9784efc5-3e57-4d12-9912-9a06cb6d56fb___Keller.St_CG 1863.JPG,missing_or_ambiguous_leaf_group
tomato_septoria,97862022-bdbb-4641-b2e7-daa77f5f03d5___JR_Sept.L.S 2553.JPG,missing_or_ambiguous_leaf_group
tomato_septoria,9792efe3-fd2e-4b87-a613-bb65dc743745___Keller.St_CG 1873.JPG,missing_or_ambiguous_leaf_group
tomato_septoria,97e4c7c5-cdbe-49a9-b93c-2feab0d15659___Keller.St_CG 2031.JPG,missing_or_ambiguous_leaf_group
tomato_septoria,988d5328-da67-4872-9db0-baff075a432f___JR_Sept.L.S 2586.JPG,missing_or_ambiguous_leaf_group
tomato_septoria,98da1654-e91d-48d7-931c-9642d46a9f77___JR_Sept.L.S 2634.JPG,missing_or_ambiguous_leaf_group
tomato_septoria,993f3e69-946a-4aa3-bd82-9e084d36e6de___JR_Sept.L.S 2512.JPG,missing_or_ambiguous_leaf_group
tomato_septoria,9987bda9-1077-43e4-989d-31c435ede10a___Keller.St_CG 1987.JPG,missing_or_ambiguous_leaf_group
tomato_septoria,99d7c6a2-1781-45af-86f9-fc380cd14207___Keller.St_CG 2043.JPG,missing_or_ambiguous_leaf_group
tomato_septoria,99ec3521-b951-40f9-a5b4-d80cfc1f9e68___Keller.St_CG 1891.JPG,missing_or_ambiguous_leaf_group
tomato_septoria,9a453d1c-52cd-4ff5-8114-fdb1231a3789___Keller.St_CG 1859.JPG,missing_or_ambiguous_leaf_group
tomato_septoria,9aa8aa5c-9771-49c7-b5b5-e0a1128ff76b___JR_Sept.L.S 2702.JPG,missing_or_ambiguous_leaf_group
tomato_septoria,9ad5aed4-e5f2-45f9-bbe4-cbbce80e344c___Keller.St_CG 1925.JPG,missing_or_ambiguous_leaf_group
tomato_septoria,9b18c916-ef3f-42e2-88f3-172b48bdc325___JR_Sept.L.S 2576.JPG,missing_or_ambiguous_leaf_group
tomato_septoria,9b1c7c43-4440-48e8-8a28-02f78ab73588___JR_Sept.L.S 8424.JPG,missing_or_ambiguous_leaf_group
tomato_septoria,9b24d726-394f-4db4-b87d-a87a4def7b85___JR_Sept.L.S 2594.JPG,missing_or_ambiguous_leaf_group
tomato_septoria,9b3a9993-1572-4664-9893-2671e83e6ffe___Keller.St_CG 1796.JPG,missing_or_ambiguous_leaf_group
tomato_septoria,9b3e8e25-fd25-4757-b82f-11196ce2fd62___Keller.St_CG 1856.JPG,missing_or_ambiguous_leaf_group
tomato_septoria,9b5141dd-be8a-441d-ae3a-d750c08e4f40___JR_Sept.L.S 2694.JPG,missing_or_ambiguous_leaf_group
tomato_septoria,9b542a20-992a-454e-afa1-a93d68699261___Keller.St_CG 1802.JPG,missing_or_ambiguous_leaf_group
tomato_septoria,9b5f292f-3bdd-4529-bc05-6b31c0893519___Keller.St_CG 2012.JPG,missing_or_ambiguous_leaf_group
tomato_septoria,9ba317fe-1487-4501-91c3-c84f86ae6832___Keller.St_CG 1798.JPG,missing_or_ambiguous_leaf_group
tomato_septoria,9cb69cf5-1929-4a4a-9e6a-bac5596a22fd___JR_Sept.L.S 2489.JPG,missing_or_ambiguous_leaf_group
tomato_septoria,9cf779b5-82ff-4c60-a8ae-d7d2ce2580d9___Keller.St_CG 2027.JPG,missing_or_ambiguous_leaf_group
tomato_septoria,9d10152c-26ee-453a-92db-33836cabdd4f___Keller.St_CG 1889.JPG,missing_or_ambiguous_leaf_group
tomato_septoria,9d656cd5-90b4-4a7e-a72d-13fb6f3fd32b___Keller.St_CG 1830.JPG,missing_or_ambiguous_leaf_group
tomato_septoria,9d74964a-cca9-4a0c-9193-efb5be233f6f___JR_Sept.L.S 8375.JPG,missing_or_ambiguous_leaf_group
tomato_septoria,9e2195c1-10fe-4dc8-8552-e2c04cb8e085___JR_Sept.L.S 2532.JPG,missing_or_ambiguous_leaf_group
tomato_septoria,9ee905ed-4e49-4256-8d6d-74fc6450ead1___Keller.St_CG 1794.JPG,missing_or_ambiguous_leaf_group
tomato_septoria,9f5544b0-3ad1-4c99-b362-c477734fadc8___JR_Sept.L.S 2593.JPG,missing_or_ambiguous_leaf_group
tomato_septoria,9f838c75-cb02-4a79-bd8a-30a3fcac5526___JR_Sept.L.S 2462.JPG,missing_or_ambiguous_leaf_group
tomato_septoria,9fdb4b69-dea8-4eec-b958-ff33569e5801___JR_Sept.L.S 2592.JPG,missing_or_ambiguous_leaf_group
tomato_septoria,9fedd168-0c92-4620-8dd1-28c28ba94844___JR_Sept.L.S 2559.JPG,missing_or_ambiguous_leaf_group
tomato_septoria,a011fd44-5a93-4058-b283-b3cd786b3f3c___Keller.St_CG 1777.JPG,missing_or_ambiguous_leaf_group
tomato_septoria,a118d49a-e8aa-43cd-ac08-0c821ffd1ecb___JR_Sept.L.S 2644.JPG,missing_or_ambiguous_leaf_group
tomato_septoria,a13ce2fb-5b13-4dec-a2e4-417dc3f3a817___JR_Sept.L.S 8485.JPG,missing_or_ambiguous_leaf_group
tomato_septoria,a14b1dd0-e8ce-4c8c-82ff-0196c8507c14___JR_Sept.L.S 2522.JPG,missing_or_ambiguous_leaf_group
tomato_septoria,a1769cf0-7a8b-480e-865e-608b5e14534f___Keller.St_CG 1893.JPG,missing_or_ambiguous_leaf_group
tomato_septoria,a201604c-5abc-414a-89cb-b74c80289fa6___Keller.St_CG 1949.JPG,missing_or_ambiguous_leaf_group
tomato_septoria,a35eec16-f8d0-4caa-8c5a-d4f05658e287___Keller.St_CG 1952.JPG,missing_or_ambiguous_leaf_group
tomato_septoria,a3938779-9d9f-4e45-a397-7b5abd13f6ba___JR_Sept.L.S 2700.JPG,missing_or_ambiguous_leaf_group
tomato_septoria,a4880706-e191-43ff-a5a7-bd0f0c03aa2d___Keller.St_CG 1851.JPG,missing_or_ambiguous_leaf_group
tomato_septoria,a48fda6c-abcb-4cf4-b63f-b190ee1af683___JR_Sept.L.S 2582.JPG,missing_or_ambiguous_leaf_group
tomato_septoria,a4bba0de-ed14-417b-9080-5aabf9c5d451___JR_Sept.L.S 8401.JPG,missing_or_ambiguous_leaf_group
tomato_septoria,a5bf2855-754e-4661-86b1-a86f0974cd30___JR_Sept.L.S 2574.JPG,missing_or_ambiguous_leaf_group
tomato_septoria,a6838e7b-b9f5-4d7e-ad16-63b27baa0ca2___JR_Sept.L.S 2477.JPG,missing_or_ambiguous_leaf_group
tomato_septoria,a6e00d31-f88a-4e11-98e1-d3897a0d5684___Keller.St_CG 1822.JPG,missing_or_ambiguous_leaf_group
tomato_septoria,a7c57992-340e-47f6-9ed4-31a0df3490e8___JR_Sept.L.S 2715.JPG,missing_or_ambiguous_leaf_group
tomato_septoria,a7c9d081-6e31-4344-bfe4-6184a6b16df8___JR_Sept.L.S 2588.JPG,missing_or_ambiguous_leaf_group
tomato_septoria,a8056fd4-4ac0-46c4-a7c5-905b4bf87760___Keller.St_CG 1782.JPG,missing_or_ambiguous_leaf_group
tomato_septoria,a80c4ed9-e82e-462f-9d29-ee1a43bb0be0___JR_Sept.L.S 8415.JPG,missing_or_ambiguous_leaf_group
tomato_septoria,a8ef94be-07d4-45ed-82de-d2070f14861a___JR_Sept.L.S 2554.JPG,missing_or_ambiguous_leaf_group
tomato_septoria,a9fdfa3e-cde5-4dc8-a7a2-7484f223c250___JR_Sept.L.S 2575.JPG,missing_or_ambiguous_leaf_group
tomato_septoria,aa233fb1-e0b7-45cc-a5f3-a163b703299e___JR_Sept.L.S 2718.JPG,missing_or_ambiguous_leaf_group
tomato_septoria,aa2e8d77-1574-4c3a-9db6-b2982cec9006___JR_Sept.L.S 8438.JPG,missing_or_ambiguous_leaf_group
tomato_septoria,aac82d24-d791-4ecb-83da-0624248cbb42___JR_Sept.L.S 2687.JPG,missing_or_ambiguous_leaf_group
tomato_septoria,aae2d0b1-30cb-4ba8-a017-f9051d38192b___JR_Sept.L.S 8464.JPG,missing_or_ambiguous_leaf_group
tomato_septoria,ab242fd5-a0d8-4080-b2e1-15bc475c13c0___JR_Sept.L.S 2713.JPG,missing_or_ambiguous_leaf_group
tomato_septoria,ab772665-1f53-48d3-997b-920c0b2b385f___JR_Sept.L.S 2661.JPG,missing_or_ambiguous_leaf_group
tomato_septoria,ab782c5e-dfe5-40ff-96ab-a3216bdeff42___JR_Sept.L.S 8383.JPG,missing_or_ambiguous_leaf_group
tomato_septoria,abb40b01-9ffd-4dd8-b46a-371a115110ea___JR_Sept.L.S 8358.JPG,missing_or_ambiguous_leaf_group
tomato_septoria,abd969f8-a573-4b5d-b5f2-32f33e6b1374___JR_Sept.L.S 8559.JPG,missing_or_ambiguous_leaf_group
tomato_septoria,ac3e0cba-bf42-4cd4-84b7-4267e8d84dc8___JR_Sept.L.S 2639.JPG,missing_or_ambiguous_leaf_group
tomato_septoria,acad88d8-7497-4067-abba-8171911fb6c1___JR_Sept.L.S 8448.JPG,missing_or_ambiguous_leaf_group
tomato_septoria,acb8c617-8f07-44b5-95bc-74c11726ace7___JR_Sept.L.S 2660.JPG,missing_or_ambiguous_leaf_group
tomato_septoria,adb55578-5e78-4544-8415-baa2960871c4___Keller.St_CG 2026.JPG,missing_or_ambiguous_leaf_group
tomato_septoria,adc5ed07-d23a-433f-9cc9-2fd666efb8d0___Keller.St_CG 1868.JPG,missing_or_ambiguous_leaf_group
tomato_septoria,aed8e4ba-1ea2-4258-86d1-621bb13dd029___JR_Sept.L.S 2456.JPG,missing_or_ambiguous_leaf_group
tomato_septoria,aef1351a-7949-4ab8-bc46-3a6522535f8a___JR_Sept.L.S 8450.JPG,missing_or_ambiguous_leaf_group
tomato_septoria,af4c2153-c15e-4310-b8b8-8aec82606bb7___JR_Sept.L.S 2581.JPG,missing_or_ambiguous_leaf_group
tomato_septoria,b018d1a5-ff83-4585-9461-ad60bf24b985___Keller.St_CG 1875.JPG,missing_or_ambiguous_leaf_group
tomato_septoria,b03fbf6b-8b68-4627-a001-0b81de1be427___JR_Sept.L.S 2503.JPG,missing_or_ambiguous_leaf_group
tomato_septoria,b04e656c-6443-4fb8-bd50-fc8a67d6cb13___Keller.St_CG 1865.JPG,missing_or_ambiguous_leaf_group
tomato_septoria,b06c3d4e-04cf-4eff-82fa-4553264a21e0___JR_Sept.L.S 2615.JPG,missing_or_ambiguous_leaf_group
tomato_septoria,b09cc616-1774-4fd0-8d00-c4967daa0e71___JR_Sept.L.S 2698.JPG,missing_or_ambiguous_leaf_group
tomato_septoria,b0dd53e4-a322-48ca-8e7f-d00d599d40d0___Keller.St_CG 1962.JPG,missing_or_ambiguous_leaf_group
tomato_septoria,b11ca2cb-b0eb-4ce7-831f-7a085c268ab1___JR_Sept.L.S 8543.JPG,missing_or_ambiguous_leaf_group
tomato_septoria,b20c218a-ff6c-4038-8de3-ce048468a5a8___Keller.St_CG 1905.JPG,missing_or_ambiguous_leaf_group
tomato_septoria,b21a2dc2-f8ba-495e-a93f-9dd1f5d51b4b___Keller.St_CG 1967.JPG,missing_or_ambiguous_leaf_group
tomato_septoria,b286ce6e-d1d1-41a6-a533-86eb21132efe___JR_Sept.L.S 2465.JPG,missing_or_ambiguous_leaf_group
tomato_septoria,b35daee2-6cd8-486b-b054-d1cc7ad0bc66___JR_Sept.L.S 8567.JPG,missing_or_ambiguous_leaf_group
tomato_septoria,b459b9c8-30e2-4a65-be28-53d80243cac2___Keller.St_CG 1797.JPG,missing_or_ambiguous_leaf_group
tomato_septoria,b4e9af04-33af-4b00-b919-32b197e73bd6___Keller.St_CG 1963.JPG,missing_or_ambiguous_leaf_group
tomato_septoria,b520d4fe-79ec-47a3-814c-bc1c5b74efb3___Keller.St_CG 1922.JPG,missing_or_ambiguous_leaf_group
tomato_septoria,b57b5e78-5d2c-4e9d-9e53-f9becb02e6a7___Keller.St_CG 1842.JPG,missing_or_ambiguous_leaf_group
tomato_septoria,b5cdcab0-075d-4861-9b0d-a98c88d56f58___JR_Sept.L.S 2699.JPG,missing_or_ambiguous_leaf_group
tomato_septoria,b6176eb3-1480-4d4e-b1d7-2d23e3e825c3___JR_Sept.L.S 8384.JPG,missing_or_ambiguous_leaf_group
tomato_septoria,b642f549-f9f4-4ac4-b8a6-9b060f88b484___JR_Sept.L.S 2597.JPG,missing_or_ambiguous_leaf_group
tomato_septoria,b70775c5-59bc-4204-af05-a420ef373667___JR_Sept.L.S 2693.JPG,missing_or_ambiguous_leaf_group
tomato_septoria,b70cc78f-739a-4db0-956c-5150284651bd___Keller.St_CG 1959.JPG,missing_or_ambiguous_leaf_group
tomato_septoria,b80cfb6a-4e71-4ecc-9009-066afc52670f___Keller.St_CG 2040.JPG,missing_or_ambiguous_leaf_group
tomato_septoria,b8761d9f-9f66-4e83-a712-507e05010403___Keller.St_CG 1806.JPG,missing_or_ambiguous_leaf_group
tomato_septoria,b87ed565-d3b3-4f69-9a9e-9b742e376110___JR_Sept.L.S 8403.JPG,missing_or_ambiguous_leaf_group
tomato_septoria,b8f26cf7-692f-4f77-bbe5-e6ba091ac2cb___Keller.St_CG 1941.JPG,missing_or_ambiguous_leaf_group
tomato_septoria,b953a8c3-8f95-4c8d-9c82-7906eb23334f___JR_Sept.L.S 8469.JPG,missing_or_ambiguous_leaf_group
tomato_septoria,b9e8cc21-e046-44a4-a393-a6c2190cc022___JR_Sept.L.S 2511.JPG,missing_or_ambiguous_leaf_group
tomato_septoria,b9f908ad-b621-476a-9d0f-bc7ca4f0f7da___JR_Sept.L.S 2584.JPG,missing_or_ambiguous_leaf_group
tomato_septoria,ba0b33b8-1915-4e1b-a979-081d7c6231e2___JR_Sept.L.S 8451.JPG,missing_or_ambiguous_leaf_group
tomato_septoria,ba1d1b79-0317-4edc-9641-12d1a7c44055___JR_Sept.L.S 2501.JPG,missing_or_ambiguous_leaf_group
tomato_septoria,ba4294aa-6468-4014-8a3c-7988bb111749___Keller.St_CG 1789.JPG,missing_or_ambiguous_leaf_group
tomato_septoria,ba5de483-365d-4a7c-8340-bf3ca0923a5e___Keller.St_CG 1861.JPG,missing_or_ambiguous_leaf_group
tomato_septoria,ba871bd3-5f16-4cf9-9dde-53a3bf47fd0a___Keller.St_CG 1957.JPG,missing_or_ambiguous_leaf_group
tomato_septoria,babbf1f0-1b1c-4618-b739-c948ecf979c5___Keller.St_CG 1767.JPG,missing_or_ambiguous_leaf_group
tomato_septoria,bb0b9438-c559-43ed-a491-5587c5342e00___JR_Sept.L.S 2595.JPG,missing_or_ambiguous_leaf_group
tomato_septoria,bb3dc68f-0ade-4bb8-8c27-e2ff3529a20d___JR_Sept.L.S 2671.JPG,missing_or_ambiguous_leaf_group
tomato_septoria,bb541e5c-bb48-4f8b-8557-98d8a60a41d6___JR_Sept.L.S 2550.JPG,missing_or_ambiguous_leaf_group
tomato_septoria,bb686360-bc57-41dd-b811-9625301db5f5___Keller.St_CG 1933.JPG,missing_or_ambiguous_leaf_group
tomato_septoria,bbf947e8-c9ae-48b6-afae-3c19814bfb4e___JR_Sept.L.S 2526.JPG,missing_or_ambiguous_leaf_group
tomato_septoria,bc2bc314-a693-4d07-a858-8e581d7470dc___JR_Sept.L.S 2719.JPG,missing_or_ambiguous_leaf_group
tomato_septoria,bcb7e120-e71a-4fd2-9e89-91631c0b5dcd___Keller.St_CG 2044.JPG,missing_or_ambiguous_leaf_group
tomato_septoria,bcc93571-9b93-4943-9cee-dddc79bd4d92___Keller.St_CG 1844.JPG,missing_or_ambiguous_leaf_group
tomato_septoria,bce32f04-c236-45ed-b636-c92721eb5892___Keller.St_CG 1934.JPG,missing_or_ambiguous_leaf_group
tomato_septoria,bd7932fa-8fda-4370-baaf-c3b7cef2ac13___JR_Sept.L.S 2572.JPG,missing_or_ambiguous_leaf_group
tomato_septoria,be419ce9-4bc5-42fb-87c3-ebabb27321af___JR_Sept.L.S 2638.JPG,missing_or_ambiguous_leaf_group
tomato_septoria,be9ab6a4-83d9-4039-81ba-55b2685fe74c___Keller.St_CG 1785.JPG,missing_or_ambiguous_leaf_group
tomato_septoria,be9f9ef4-fd2d-402c-bf79-79fb062b7b59___JR_Sept.L.S 8512.JPG,missing_or_ambiguous_leaf_group
tomato_septoria,bf39f9c1-a339-4890-8e9f-16c4b6446193___JR_Sept.L.S 8545.JPG,missing_or_ambiguous_leaf_group
tomato_septoria,bf59d55b-5231-42ee-9880-adae9625c00d___Keller.St_CG 1976.JPG,missing_or_ambiguous_leaf_group
tomato_septoria,bfba7874-d314-4594-8abe-ba74da25c523___Keller.St_CG 1983.JPG,missing_or_ambiguous_leaf_group
tomato_septoria,bfea5a30-8ece-4c04-b437-ca17fe9fab95___JR_Sept.L.S 2481.JPG,missing_or_ambiguous_leaf_group
tomato_septoria,c06b05f0-b428-45ee-bc9f-df042d171e81___JR_Sept.L.S 8529.JPG,missing_or_ambiguous_leaf_group
tomato_septoria,c06b8139-8834-4755-b335-d1041d082aae___JR_Sept.L.S 2536.JPG,missing_or_ambiguous_leaf_group
tomato_septoria,c091e80e-2855-4736-8289-6d9c5fc142d0___JR_Sept.L.S 8555.JPG,missing_or_ambiguous_leaf_group
tomato_septoria,c1b84438-4e69-4366-b5be-ecb64351e836___JR_Sept.L.S 8441.JPG,missing_or_ambiguous_leaf_group
tomato_septoria,c1fdb307-b716-4638-93c6-ebf8185c5414___JR_Sept.L.S 2508.JPG,missing_or_ambiguous_leaf_group
tomato_septoria,c20c23c7-ceeb-4a0a-b137-cb00f2156449___JR_Sept.L.S 2695.JPG,missing_or_ambiguous_leaf_group
tomato_septoria,c2281160-6ffd-40df-8293-779634299ff3___JR_Sept.L.S 2630.JPG,missing_or_ambiguous_leaf_group
tomato_septoria,c237bdbd-ca4e-4cd8-b1bc-77b0511944da___JR_Sept.L.S 2606.JPG,missing_or_ambiguous_leaf_group
tomato_septoria,c26046cf-9799-43a0-b938-226cec847261___JR_Sept.L.S 2627.JPG,missing_or_ambiguous_leaf_group
tomato_septoria,c280146e-f898-446c-a1e2-af20cc2b0251___Keller.St_CG 1884.JPG,missing_or_ambiguous_leaf_group
tomato_septoria,c300021d-846e-4736-8855-53f17af1ad36___Keller.St_CG 1930.JPG,missing_or_ambiguous_leaf_group
tomato_septoria,c3065a72-22dc-408e-9505-a4e3638faeaf___JR_Sept.L.S 8548.JPG,missing_or_ambiguous_leaf_group
tomato_septoria,c3233f4f-a6f5-4bfb-a6bf-bd5e5d045f7a___JR_Sept.L.S 2728.JPG,missing_or_ambiguous_leaf_group
tomato_septoria,c363173e-e72f-4aeb-937b-29f60598736d___JR_Sept.L.S 8563.JPG,missing_or_ambiguous_leaf_group
tomato_septoria,c3799da0-3ce3-4e75-9fdb-ceddfa42daad___Keller.St_CG 1781.JPG,missing_or_ambiguous_leaf_group
tomato_septoria,c38a2c2c-8f40-4a27-83a7-c6848639fb73___Keller.St_CG 1954.JPG,missing_or_ambiguous_leaf_group
tomato_septoria,c3e87759-e952-417b-9377-4d723cbe96d2___JR_Sept.L.S 2604.JPG,missing_or_ambiguous_leaf_group
tomato_septoria,c40c95be-dfa2-455e-abc3-64965396830f___JR_Sept.L.S 8416.JPG,missing_or_ambiguous_leaf_group
tomato_septoria,c4387ae7-e4ba-43db-a547-08bfea2ec97e___JR_Sept.L.S 2549.JPG,missing_or_ambiguous_leaf_group
tomato_septoria,c4554e01-7d63-459a-9d37-0f8ba985b950___Keller.St_CG 1910.JPG,missing_or_ambiguous_leaf_group
tomato_septoria,c4a7c2db-f42f-4fb7-a833-9ef575e9aa8e___Keller.St_CG 1803.JPG,missing_or_ambiguous_leaf_group
tomato_septoria,c4ffa72c-748c-4697-9034-75abe541f5c7___JR_Sept.L.S 2472.JPG,missing_or_ambiguous_leaf_group
tomato_septoria,c503232e-912b-435b-a590-85cded918960___Keller.St_CG 2038.JPG,missing_or_ambiguous_leaf_group
tomato_septoria,c5dda767-1685-414e-bcfe-4f0f09328c0b___JR_Sept.L.S 2521.JPG,missing_or_ambiguous_leaf_group
tomato_septoria,c63e9550-1dd7-4286-ac93-d2b356018bfd___Keller.St_CG 2008.JPG,missing_or_ambiguous_leaf_group
tomato_septoria,c64ec89b-0285-4b50-89c9-20a0911e7926___Keller.St_CG 1996.JPG,missing_or_ambiguous_leaf_group
tomato_septoria,c6962655-b64b-45d6-b6a5-49bc8adfe0d3___Keller.St_CG 1904.JPG,missing_or_ambiguous_leaf_group
tomato_septoria,c6c3b881-6770-4bcc-8262-cc0f0b85b121___Keller.St_CG 2037.JPG,missing_or_ambiguous_leaf_group
tomato_septoria,c6cdcab7-12bb-48e1-9434-377ef63eb24f___JR_Sept.L.S 8446.JPG,missing_or_ambiguous_leaf_group
tomato_septoria,c71f6f75-6b0c-4c70-9d94-efae4cca1010___JR_Sept.L.S 8488.JPG,missing_or_ambiguous_leaf_group
tomato_septoria,c78958e3-de34-4a92-a96e-9ed206690d5d___JR_Sept.L.S 8412.JPG,missing_or_ambiguous_leaf_group
tomato_septoria,c7a53353-a534-4dfc-b2d6-72782b34c294___JR_Sept.L.S 8385.JPG,missing_or_ambiguous_leaf_group
tomato_septoria,c7c2e116-d4da-4b0f-a2dc-24d3ecedf587___Keller.St_CG 1846.JPG,missing_or_ambiguous_leaf_group
tomato_septoria,c7ce1816-e41a-433b-9fd5-e933d0253d69___JR_Sept.L.S 2662.JPG,missing_or_ambiguous_leaf_group
tomato_septoria,c7f91b1e-7ce9-41ec-9f51-2306168bf43e___JR_Sept.L.S 2598.JPG,missing_or_ambiguous_leaf_group
tomato_septoria,c8055b76-f328-4519-b530-b34a695b9261___Keller.St_CG 1901.JPG,missing_or_ambiguous_leaf_group
tomato_septoria,c8bccda1-45c8-4c33-b293-6c4e538bbc74___JR_Sept.L.S 8361.JPG,missing_or_ambiguous_leaf_group
tomato_septoria,c902f89f-a54d-44fa-8fd4-81fb9f536313___Keller.St_CG 1834.JPG,missing_or_ambiguous_leaf_group
tomato_septoria,c94c0c06-4d30-4c10-b2dc-eed7a658a0f2___JR_Sept.L.S 8514.JPG,missing_or_ambiguous_leaf_group
tomato_septoria,c94d284d-8bc7-42ac-a1d0-392f622d5d59___JR_Sept.L.S 8499.JPG,missing_or_ambiguous_leaf_group
tomato_septoria,c9cc01b8-20f0-4556-9c62-21d2eead2ed1___JR_Sept.L.S 8423.JPG,missing_or_ambiguous_leaf_group
tomato_septoria,ca44932f-3eb4-4a00-8cdd-33a9f715b171___JR_Sept.L.S 2710.JPG,missing_or_ambiguous_leaf_group
tomato_septoria,caa74798-7dab-43f3-8ed0-f53d79cb31db___JR_Sept.L.S 8397.JPG,missing_or_ambiguous_leaf_group
tomato_septoria,caf6c8f5-e7ba-4d75-98ef-9b2c0dffcaaa___Keller.St_CG 1792.JPG,missing_or_ambiguous_leaf_group
tomato_septoria,cb6929ff-8e9b-42f2-97d4-ec388a5a6b06___JR_Sept.L.S 8461.JPG,missing_or_ambiguous_leaf_group
tomato_septoria,cb7fe525-0005-4966-ae8d-e6ebb11a260c___Keller.St_CG 1937.JPG,missing_or_ambiguous_leaf_group
tomato_septoria,cb8d79da-8394-46ee-896c-70906127d4ad___JR_Sept.L.S 8537.JPG,missing_or_ambiguous_leaf_group
tomato_septoria,cba8fd06-5896-4944-a6d5-77300f74f11d___Keller.St_CG 1948.JPG,missing_or_ambiguous_leaf_group
tomato_septoria,cbb28fe8-58fe-49e4-ad76-efc3826e0049___Keller.St_CG 1791.JPG,missing_or_ambiguous_leaf_group
tomato_septoria,cbc521e4-3e95-4c0d-a806-56519afd72df___JR_Sept.L.S 8561.JPG,missing_or_ambiguous_leaf_group
tomato_septoria,cc2256d7-6e78-4597-a532-e698af7fd12d___Keller.St_CG 1924.JPG,missing_or_ambiguous_leaf_group
tomato_septoria,cd3b1a93-f5b4-406f-aa8a-640280edf543___Keller.St_CG 1860.JPG,missing_or_ambiguous_leaf_group
tomato_septoria,cd6c24ea-037a-4d83-b2c8-24616da8ff46___Keller.St_CG 1883.JPG,missing_or_ambiguous_leaf_group
tomato_septoria,cda009cd-6374-4de5-af6c-de0b1bf35758___Keller.St_CG 1969.JPG,missing_or_ambiguous_leaf_group
tomato_septoria,cdf6e7c1-419f-4bfe-aaaa-9e2872ee8fa3___JR_Sept.L.S 2642.JPG,missing_or_ambiguous_leaf_group
tomato_septoria,ce0bad5b-8752-4d85-af7f-d4d6ad672865___JR_Sept.L.S 2529.JPG,missing_or_ambiguous_leaf_group
tomato_septoria,ceb81d1d-457d-441d-9c47-fae84cc618b4___JR_Sept.L.S 8426.JPG,missing_or_ambiguous_leaf_group
tomato_septoria,cecd2851-68ff-4422-a339-ee3996b57f6e___Keller.St_CG 1989.JPG,missing_or_ambiguous_leaf_group
tomato_septoria,cf01b83b-612f-45af-8ada-7f500859ad73___JR_Sept.L.S 2600.JPG,missing_or_ambiguous_leaf_group
tomato_septoria,cf72fe62-8411-4b4e-b4df-98c6683c00ca___Keller.St_CG 1816.JPG,missing_or_ambiguous_leaf_group
tomato_septoria,cffae6ca-ff80-4c1f-9fbf-451d39a94a80___JR_Sept.L.S 8518.JPG,missing_or_ambiguous_leaf_group
tomato_septoria,d0c0535c-8273-4a9a-9fea-8ab8402e3f92___Keller.St_CG 1878.JPG,missing_or_ambiguous_leaf_group
tomato_septoria,d12cfd6a-ecd5-44cd-89fe-85ce877d31f9___JR_Sept.L.S 2470.JPG,missing_or_ambiguous_leaf_group
tomato_septoria,d13b42e1-25f4-4d5e-9289-3806a53c5405___Keller.St_CG 1775.JPG,missing_or_ambiguous_leaf_group
tomato_septoria,d1787912-126a-44a6-bb47-66574fd44f4a___JR_Sept.L.S 8388.JPG,missing_or_ambiguous_leaf_group
tomato_septoria,d1dfc5c2-9605-419b-826f-58691f793758___JR_Sept.L.S 2674.JPG,missing_or_ambiguous_leaf_group
tomato_septoria,d235a8c8-d714-404b-8a07-05706d2dec29___JR_Sept.L.S 8536.JPG,missing_or_ambiguous_leaf_group
tomato_septoria,d2871bcd-6d69-4d4f-be2a-b11648666d55___Keller.St_CG 2015.JPG,missing_or_ambiguous_leaf_group
tomato_septoria,d32e7797-bc8e-4042-a170-bb2d2a415d75___JR_Sept.L.S 8399.JPG,missing_or_ambiguous_leaf_group
tomato_septoria,d3b7009f-ada0-43b1-8265-b1c30d6fa877___JR_Sept.L.S 8353.JPG,missing_or_ambiguous_leaf_group
tomato_septoria,d3e95fd9-f4b2-4925-afe6-739cffdd5c9f___JR_Sept.L.S 8480.JPG,missing_or_ambiguous_leaf_group
tomato_septoria,d3f39442-7338-4ed8-b495-4acaae90049e___Keller.St_CG 1853.JPG,missing_or_ambiguous_leaf_group
tomato_septoria,d40b9be4-3d8c-464d-b948-5245b60f38ab___JR_Sept.L.S 2672.JPG,missing_or_ambiguous_leaf_group
tomato_septoria,d40f02b5-280d-49f7-8aad-a3379e2fbd07___JR_Sept.L.S 2474.JPG,missing_or_ambiguous_leaf_group
tomato_septoria,d42bee1e-15b3-4351-a2cb-1e062359e011___Keller.St_CG 1849.JPG,missing_or_ambiguous_leaf_group
tomato_septoria,d43c1014-1f3d-4e80-bd34-e1f5243ac21e___JR_Sept.L.S 2664.JPG,missing_or_ambiguous_leaf_group
tomato_septoria,d535908b-c781-41c5-9afc-b7aa0358d466___JR_Sept.L.S 8389.JPG,missing_or_ambiguous_leaf_group
tomato_septoria,d5374042-be67-428a-9ba3-ce2399f8b9d4___JR_Sept.L.S 2533.JPG,missing_or_ambiguous_leaf_group
tomato_septoria,d62872c2-d511-415e-aaf8-a18e0d8c6834___JR_Sept.L.S 2717.JPG,missing_or_ambiguous_leaf_group
tomato_septoria,d6513bff-a877-4482-88d0-699396af3862___JR_Sept.L.S 8419.JPG,missing_or_ambiguous_leaf_group
tomato_septoria,d67b224c-b089-430d-b185-dfae7b7a5a9e___Keller.St_CG 1950.JPG,missing_or_ambiguous_leaf_group
tomato_septoria,d7026729-ccc2-4818-b8a4-1e13120a4b7a___Keller.St_CG 1879.JPG,missing_or_ambiguous_leaf_group
tomato_septoria,d710ad26-f858-45fd-b59c-0d121c4a2dec___JR_Sept.L.S 8402.JPG,missing_or_ambiguous_leaf_group
tomato_septoria,d83aedd2-b79e-420f-ab88-af97cc3b685d___JR_Sept.L.S 8414.JPG,missing_or_ambiguous_leaf_group
tomato_septoria,d891ae9b-9fc3-4113-9348-3c7109d29251___JR_Sept.L.S 2712.JPG,missing_or_ambiguous_leaf_group
tomato_septoria,d8c33d6a-3aad-4714-9eec-3353a008e67f___Keller.St_CG 1980.JPG,missing_or_ambiguous_leaf_group
tomato_septoria,d90c2358-fa7a-4ad8-913f-37ff4cfd29d0___JR_Sept.L.S 8346.JPG,missing_or_ambiguous_leaf_group
tomato_septoria,d9b157de-5e30-4233-8fbe-dc3c69730aed___JR_Sept.L.S 2657.JPG,missing_or_ambiguous_leaf_group
tomato_septoria,da1f93df-82fb-47a9-9582-d2dadb97a2a0___JR_Sept.L.S 2649.JPG,missing_or_ambiguous_leaf_group
tomato_septoria,db085918-0f2d-425a-8b10-ed5b7e6e4eb4___JR_Sept.L.S 2531.JPG,missing_or_ambiguous_leaf_group
tomato_septoria,db0bfb90-238c-4623-a88d-895868adb0ba___Keller.St_CG 1887.JPG,missing_or_ambiguous_leaf_group
tomato_septoria,dba28341-c2bb-4c7f-a15b-8fac8f38e00b___JR_Sept.L.S 8371.JPG,missing_or_ambiguous_leaf_group
tomato_septoria,dc0b3d29-29db-41e3-b93f-3b3b55bfa021___JR_Sept.L.S 2542.JPG,missing_or_ambiguous_leaf_group
tomato_septoria,dc5f2f7d-8b86-402e-8b5b-384ad903c50f___Keller.St_CG 2021.JPG,missing_or_ambiguous_leaf_group
tomato_septoria,dc77d3d9-5810-4859-892b-34456a6e9d15___JR_Sept.L.S 8565.JPG,missing_or_ambiguous_leaf_group
tomato_septoria,dcad7d32-dc64-4fa4-a3fc-7ac8cd277285___JR_Sept.L.S 8437.JPG,missing_or_ambiguous_leaf_group
tomato_septoria,dd13c3ba-56a9-4064-b80d-79455969f651___JR_Sept.L.S 8442.JPG,missing_or_ambiguous_leaf_group
tomato_septoria,dd73a3ba-e442-467d-9a20-16e77429efc7___JR_Sept.L.S 2703.JPG,missing_or_ambiguous_leaf_group
tomato_septoria,ddfdde4a-c701-4b73-9eb2-839e3e7e6cb1___JR_Sept.L.S 2500.JPG,missing_or_ambiguous_leaf_group
tomato_septoria,de618e1c-a280-4294-a531-f0c94dc33c99___Keller.St_CG 2024.JPG,missing_or_ambiguous_leaf_group
tomato_septoria,dfde75b3-9cba-4b76-85ce-df8fb517976a___JR_Sept.L.S 2716.JPG,missing_or_ambiguous_leaf_group
tomato_septoria,dfdf7265-bf77-4484-a62f-4750287fa6ca___JR_Sept.L.S 8551.JPG,missing_or_ambiguous_leaf_group
tomato_septoria,e01fb0f4-3cd3-4b02-8672-56cac700eeae___JR_Sept.L.S 8391.JPG,missing_or_ambiguous_leaf_group
tomato_septoria,e09ba1ab-7952-4b09-a886-0025c4536d7c___Keller.St_CG 1936.JPG,missing_or_ambiguous_leaf_group
tomato_septoria,e0c213ad-35e6-4cb2-bc9a-b183c6d23adc___JR_Sept.L.S 2518.JPG,missing_or_ambiguous_leaf_group
tomato_septoria,e101f7ec-da0f-4b0d-86db-69cdb79ebd83___Keller.St_CG 1832.JPG,missing_or_ambiguous_leaf_group
tomato_septoria,e21d533f-e496-4502-a89e-fa485c90d62d___JR_Sept.L.S 8379.JPG,missing_or_ambiguous_leaf_group
tomato_septoria,e26a1f0a-354d-44a6-bc28-623e77112af3___Keller.St_CG 1916.JPG,missing_or_ambiguous_leaf_group
tomato_septoria,e286fcac-d0a5-4333-bba7-9ddcbaaaf17c___JR_Sept.L.S 8521.JPG,missing_or_ambiguous_leaf_group
tomato_septoria,e2d8cf5f-2ddf-4b2a-acca-15e0d7d10ac8___Keller.St_CG 2019.JPG,missing_or_ambiguous_leaf_group
tomato_septoria,e315bc15-63a0-402f-adda-bdd0c8ba938d___JR_Sept.L.S 2629.JPG,missing_or_ambiguous_leaf_group
tomato_septoria,e3874274-851b-44e4-a063-32770cb4ea52___Keller.St_CG 1784.JPG,missing_or_ambiguous_leaf_group
tomato_septoria,e398668b-1722-455b-ab4e-a2be1203c7d6___Keller.St_CG 2001.JPG,missing_or_ambiguous_leaf_group
tomato_septoria,e3c7fc0c-77a2-4980-b101-489cd08a768e___JR_Sept.L.S 2652.JPG,missing_or_ambiguous_leaf_group
tomato_septoria,e3dbf007-97df-47da-ad33-9e7a1b19eb04___JR_Sept.L.S 2632.JPG,missing_or_ambiguous_leaf_group
tomato_septoria,e479d798-59a4-4ee7-ac68-730316ec65c1___Keller.St_CG 1776.JPG,missing_or_ambiguous_leaf_group
tomato_septoria,e4a8819b-a2c9-48ab-9873-4d198b51bbd9___JR_Sept.L.S 2626.JPG,missing_or_ambiguous_leaf_group
tomato_septoria,e4f68173-6553-492a-a810-77e2081c314e___JR_Sept.L.S 2658.JPG,missing_or_ambiguous_leaf_group
tomato_septoria,e5459c36-6659-447a-a0e8-683dba49c0e1___Keller.St_CG 1979.JPG,missing_or_ambiguous_leaf_group
tomato_septoria,e55e5031-3f13-4784-b8fc-6663323fc073___Keller.St_CG 1877.JPG,missing_or_ambiguous_leaf_group
tomato_septoria,e5a5d1bd-7ff8-4b04-bdcd-dde9c678802a___JR_Sept.L.S 2647.JPG,missing_or_ambiguous_leaf_group
tomato_septoria,e5f6243e-0355-4cf2-b5aa-038ec1602a9f___JR_Sept.L.S 2505.JPG,missing_or_ambiguous_leaf_group
tomato_septoria,e647e27f-937d-433f-99c6-54efe51817e1___Keller.St_CG 2014.JPG,missing_or_ambiguous_leaf_group
tomato_septoria,e6846762-b103-4573-9b76-33b2c0804e08___JR_Sept.L.S 8492.JPG,missing_or_ambiguous_leaf_group
tomato_septoria,e6d9f6dd-1349-4d66-8bae-7be416b48d15___JR_Sept.L.S 8360.JPG,missing_or_ambiguous_leaf_group
tomato_septoria,e6de79a8-a9d1-4e78-a978-7d5628957576___JR_Sept.L.S 8366.JPG,missing_or_ambiguous_leaf_group
tomato_septoria,e6ece834-f699-413b-baf7-2a66e3a38575___Keller.St_CG 1828.JPG,missing_or_ambiguous_leaf_group
tomato_septoria,e76b4dad-409f-4f6a-ab14-60997d227035___JR_Sept.L.S 2488.JPG,missing_or_ambiguous_leaf_group
tomato_septoria,e79a5949-f01b-41fe-a6a8-8716de120741___JR_Sept.L.S 2688.JPG,missing_or_ambiguous_leaf_group
tomato_septoria,e8051293-a895-48ed-92ff-0623301c7c8c___JR_Sept.L.S 2613.JPG,missing_or_ambiguous_leaf_group
tomato_septoria,e89e0b29-12a9-4b88-9dbe-219721597994___JR_Sept.L.S 8490.JPG,missing_or_ambiguous_leaf_group
tomato_septoria,e8b454fe-dc1c-490b-9bd7-15052a2b72b4___JR_Sept.L.S 2567.JPG,missing_or_ambiguous_leaf_group
tomato_septoria,e94aaf1a-0c1b-4020-87f0-93c74f929f1c___JR_Sept.L.S 8496.JPG,missing_or_ambiguous_leaf_group
tomato_septoria,e9d6c8b2-2174-4f01-ad8a-ef6a8ed1cfb7___Keller.St_CG 1993.JPG,missing_or_ambiguous_leaf_group
tomato_septoria,e9fa8424-f050-4541-ab57-7d5853f3716c___JR_Sept.L.S 2545.JPG,missing_or_ambiguous_leaf_group
tomato_septoria,ea4c1935-bc73-4e5f-9f31-eb9f7a22fbd4___JR_Sept.L.S 2537.JPG,missing_or_ambiguous_leaf_group
tomato_septoria,ea58163c-f3f2-463f-8ef5-03b347fb2e79___JR_Sept.L.S 2605.JPG,missing_or_ambiguous_leaf_group
tomato_septoria,ea5c98f5-2df4-4018-a538-cefa58bec252___Keller.St_CG 1819.JPG,missing_or_ambiguous_leaf_group
tomato_septoria,eb26346a-ab63-4741-aad4-c84c36d17d5e___JR_Sept.L.S 8440.JPG,missing_or_ambiguous_leaf_group
tomato_septoria,eb6133d1-f0d9-4529-8949-c60b1deb5585___JR_Sept.L.S 8396.JPG,missing_or_ambiguous_leaf_group
tomato_septoria,ebe35c7b-1f88-42ba-9321-9aa9af6b0b5e___JR_Sept.L.S 8556.JPG,missing_or_ambiguous_leaf_group
tomato_septoria,ec9cdbc8-ea4b-48d8-b1a4-e3f305914680___Keller.St_CG 1908.JPG,missing_or_ambiguous_leaf_group
tomato_septoria,ed69ca97-f09d-4e70-b232-1697c629a2ab___JR_Sept.L.S 8370.JPG,missing_or_ambiguous_leaf_group
tomato_septoria,edba6e66-629b-4988-8921-9a4e87701a54___JR_Sept.L.S 2464.JPG,missing_or_ambiguous_leaf_group
tomato_septoria,ee279b2b-6a3c-4517-b056-8b586785cb05___JR_Sept.L.S 2668.JPG,missing_or_ambiguous_leaf_group
tomato_septoria,ee3205cd-bafb-416b-b560-caef5586b96c___JR_Sept.L.S 2540.JPG,missing_or_ambiguous_leaf_group
tomato_septoria,ee3b2acc-37ce-4dd0-8ce3-ec270404050b___JR_Sept.L.S 8413.JPG,missing_or_ambiguous_leaf_group
tomato_septoria,ee87e5d3-617f-4530-98ec-18a8ed9ee425___Keller.St_CG 1998.JPG,missing_or_ambiguous_leaf_group
tomato_septoria,eeb47d84-df6f-4178-ab6f-09cfd26dae64___Keller.St_CG 1885.JPG,missing_or_ambiguous_leaf_group
tomato_septoria,eee78aec-6d9c-4506-a68c-5c4eef586c89___JR_Sept.L.S 2461.JPG,missing_or_ambiguous_leaf_group
tomato_septoria,eee7ded5-b391-41df-b31d-71e663d03cb9___JR_Sept.L.S 2622.JPG,missing_or_ambiguous_leaf_group
tomato_septoria,eef3e7b5-aee0-474d-8094-1baa53f1a365___JR_Sept.L.S 2551.JPG,missing_or_ambiguous_leaf_group
tomato_septoria,ef3dc681-0b48-4453-aa1f-1f898b86df8c___Keller.St_CG 1958.JPG,missing_or_ambiguous_leaf_group
tomato_septoria,ef400a6e-01e7-4bca-958d-297de941eaaa___JR_Sept.L.S 2541.JPG,missing_or_ambiguous_leaf_group
tomato_septoria,ef5f4371-8cb7-4eff-900e-7290201af53e___JR_Sept.L.S 8393.JPG,missing_or_ambiguous_leaf_group
tomato_septoria,efb0fe31-821d-4259-8daf-495b04f0a0d1___JR_Sept.L.S 8503.JPG,missing_or_ambiguous_leaf_group
tomato_septoria,f03f1047-7c62-44b8-b59a-62811f94a127___JR_Sept.L.S 8527.JPG,missing_or_ambiguous_leaf_group
tomato_septoria,f064c7e7-8d64-4df5-963b-7205cb57af41___Keller.St_CG 1815.JPG,missing_or_ambiguous_leaf_group
tomato_septoria,f0652fda-d9c2-445d-a1e8-12d716667df0___Keller.St_CG 1870.JPG,missing_or_ambiguous_leaf_group
tomato_septoria,f1c96393-8760-48a8-a8ba-1fa6e417433c___Keller.St_CG 1921.JPG,missing_or_ambiguous_leaf_group
tomato_septoria,f24a0d2e-c89d-4182-8c3a-30ba0439da68___JR_Sept.L.S 2721.JPG,missing_or_ambiguous_leaf_group
tomato_septoria,f271416e-cf7c-4683-bd74-c5a32e8ef82c___JR_Sept.L.S 2682.JPG,missing_or_ambiguous_leaf_group
tomato_septoria,f285de60-b746-43c9-8891-133dce784b44___Keller.St_CG 1788.JPG,missing_or_ambiguous_leaf_group
tomato_septoria,f2a0cc58-48f3-4e1f-84b9-1dfb88181118___JR_Sept.L.S 8395.JPG,missing_or_ambiguous_leaf_group
tomato_septoria,f2be0eb5-213e-44f1-b618-4d329e04b6a4___JR_Sept.L.S 8494.JPG,missing_or_ambiguous_leaf_group
tomato_septoria,f313bc43-c255-4921-acf9-335322107c45___Keller.St_CG 1864.JPG,missing_or_ambiguous_leaf_group
tomato_septoria,f3a103ef-7626-4a60-9f36-c32077ccab24___Keller.St_CG 1974.JPG,missing_or_ambiguous_leaf_group
tomato_septoria,f3e6061a-4425-4975-98e1-bfac4dc21a0e___Keller.St_CG 1938.JPG,missing_or_ambiguous_leaf_group
tomato_septoria,f41bad8b-ee8f-4f11-91fb-cfd485121c67___JR_Sept.L.S 8476.JPG,missing_or_ambiguous_leaf_group
tomato_septoria,f4c72190-f1cf-4421-9cb1-bc69b5b621dd___JR_Sept.L.S 2509.JPG,missing_or_ambiguous_leaf_group
tomato_septoria,f4f6549b-928e-4979-b557-5e518cd297fa___Keller.St_CG 1866.JPG,missing_or_ambiguous_leaf_group
tomato_septoria,f50b234d-3111-4084-9622-2c2553cc7407___JR_Sept.L.S 2676.JPG,missing_or_ambiguous_leaf_group
tomato_septoria,f533a72b-0110-4520-9a41-cb6ea1419f5e___Keller.St_CG 1881.JPG,missing_or_ambiguous_leaf_group
tomato_septoria,f56fd18d-3880-4e20-81e2-ac0f91804226___Keller.St_CG 1929.JPG,missing_or_ambiguous_leaf_group
tomato_septoria,f58caf5e-484c-4fa3-a2a7-1570aa64d28c___JR_Sept.L.S 2669.JPG,missing_or_ambiguous_leaf_group
tomato_septoria,f5a41539-9c22-470a-a851-e228c9815356___JR_Sept.L.S 2678.JPG,missing_or_ambiguous_leaf_group
tomato_septoria,f66f9dfc-e357-4ecc-9871-03d93fd018e2___JR_Sept.L.S 8357.JPG,missing_or_ambiguous_leaf_group
tomato_septoria,f67d781b-72a1-4e74-9a0b-770bf4b03882___Keller.St_CG 1944.JPG,missing_or_ambiguous_leaf_group
tomato_septoria,f70d5b07-2df5-4dc7-a0b0-689b822c9b65___Keller.St_CG 1990.JPG,missing_or_ambiguous_leaf_group
tomato_septoria,f7a66452-2777-44fa-b28a-041e7d7b4bd6___JR_Sept.L.S 8454.JPG,missing_or_ambiguous_leaf_group
tomato_septoria,f848dd07-4247-4135-a442-91dde43ae49c___Keller.St_CG 2022.JPG,missing_or_ambiguous_leaf_group
tomato_septoria,f8666878-6995-4e12-93b9-c20b02b606ba___Keller.St_CG 1985.JPG,missing_or_ambiguous_leaf_group
tomato_septoria,f867e311-fc63-4516-80bb-2ba2af70a630___JR_Sept.L.S 8477.JPG,missing_or_ambiguous_leaf_group
tomato_septoria,f8a1deca-75ae-41cf-bd05-1eee4a183236___Keller.St_CG 1779.JPG,missing_or_ambiguous_leaf_group
tomato_septoria,f8e19e45-a84d-4292-8849-8849518a2d4f___JR_Sept.L.S 8517.JPG,missing_or_ambiguous_leaf_group
tomato_septoria,f908f130-1a88-49da-9f6a-0cb7312da739___JR_Sept.L.S 2460.JPG,missing_or_ambiguous_leaf_group
tomato_septoria,f90af7c6-85b1-4a8c-b06a-c9081e6a9f92___Keller.St_CG 1973.JPG,missing_or_ambiguous_leaf_group
tomato_septoria,f93d5fb9-3505-456e-a494-531738e66e6d___JR_Sept.L.S 8473.JPG,missing_or_ambiguous_leaf_group
tomato_septoria,f97d12f1-f757-4b67-b19c-15c303c215c0___Keller.St_CG 1923.JPG,missing_or_ambiguous_leaf_group
tomato_septoria,f99f3ec6-6c53-44bc-8a0b-70ff449c4fb5___JR_Sept.L.S 8549.JPG,missing_or_ambiguous_leaf_group
tomato_septoria,f9b31399-e5b4-4573-9fd3-9bf2079478c5___JR_Sept.L.S 2723.JPG,missing_or_ambiguous_leaf_group
tomato_septoria,fab1ca61-1ab4-4e27-9c15-a48eeacd2959___JR_Sept.L.S 2617.JPG,missing_or_ambiguous_leaf_group
tomato_septoria,fae75392-41a3-4363-b073-32f20bc1cc68___Keller.St_CG 1999.JPG,missing_or_ambiguous_leaf_group
tomato_septoria,fb6e1087-a258-49c0-bebf-7785bb51e93e___Keller.St_CG 1836.JPG,missing_or_ambiguous_leaf_group
tomato_septoria,fb7b3818-043c-499d-895c-6e12f1de732f___JR_Sept.L.S 8526.JPG,missing_or_ambiguous_leaf_group
tomato_septoria,fbbb5586-8b52-4701-9655-3748510df6f8___JR_Sept.L.S 2534.JPG,missing_or_ambiguous_leaf_group
tomato_septoria,fbd92c9a-47de-431a-b3cb-fb25193b1e09___Keller.St_CG 2045.JPG,missing_or_ambiguous_leaf_group
tomato_septoria,fc5b136a-102b-454a-8200-ddf85b2a0e52___Keller.St_CG 1898.JPG,missing_or_ambiguous_leaf_group
tomato_septoria,fc6759ac-f4b4-4ab3-81d1-8f0761ebea6a___Keller.St_CG 1857.JPG,missing_or_ambiguous_leaf_group
tomato_septoria,fc85aff8-ee7e-4da3-b354-3ad6069a3a34___JR_Sept.L.S 8550.JPG,missing_or_ambiguous_leaf_group
tomato_septoria,fc963fa5-7179-402b-95e7-018c2837d2c1___JR_Sept.L.S 2706.JPG,missing_or_ambiguous_leaf_group
tomato_septoria,fcd686b5-7726-4faf-89b5-13ae16e5244f___JR_Sept.L.S 2636.JPG,missing_or_ambiguous_leaf_group
tomato_septoria,fcd7b23f-81f6-4e31-9c8f-66dc04a44f2c___Keller.St_CG 1826.JPG,missing_or_ambiguous_leaf_group
tomato_septoria,fcf78048-c241-4211-b63c-737d5d9f24b9___Keller.St_CG 1774.JPG,missing_or_ambiguous_leaf_group
tomato_septoria,fd042aff-4c10-4a6d-880f-cef50afd03b6___Keller.St_CG 1970.JPG,missing_or_ambiguous_leaf_group
tomato_septoria,fd192f6d-f764-43aa-8ab9-9c1578d55200___JR_Sept.L.S 8466.JPG,missing_or_ambiguous_leaf_group
tomato_septoria,fdd1fcf3-2b4f-44ce-b2f1-7aa4fdba6a63___JR_Sept.L.S 2640.JPG,missing_or_ambiguous_leaf_group
tomato_septoria,fe18d20c-3e3c-4fbf-9a11-c38228c6eb8e___JR_Sept.L.S 2623.JPG,missing_or_ambiguous_leaf_group
tomato_septoria,fe52e26e-bc93-4c6e-a5e1-5301c8b34238___JR_Sept.L.S 2707.JPG,missing_or_ambiguous_leaf_group
tomato_septoria,ff26f205-223f-4140-80fc-87478e501904___JR_Sept.L.S 2585.JPG,missing_or_ambiguous_leaf_group
tomato_septoria,ff38c095-8835-41e6-871d-dd81861f5292___JR_Sept.L.S 2557.JPG,missing_or_ambiguous_leaf_group
tomato_septoria,ff3ff139-ca11-4e48-b78e-29147bec8ae4___Keller.St_CG 1981.JPG,missing_or_ambiguous_leaf_group
tomato_septoria,ffe98ff9-be33-4e8f-82f0-7b7c21b02958___JR_Sept.L.S 8455.JPG,missing_or_ambiguous_leaf_group
